[{"indecs":[],"props":{"PROJ":[],"INJ":[]}},{"indecs":["3"],"props":{"PROJ":["3"],"INJ":["3"]}},{"indecs":["2"],"props":{"PROJ":["2"],"INJ":["2"]}},{"indecs":["1"],"props":{"PROJ":["1"],"INJ":["1"]}},{"indecs":["2","b"],"props":{"PROJ":["2","b"],"INJ":["2","b"]}},{"indecs":["1","3"],"props":{"PROJ":["1","3"],"INJ":["1","3"]}},{"indecs":["1","a"],"props":{"PROJ":["1","a"],"INJ":["1","a"]}},{"indecs":["2","b","3"],"props":{"PROJ":["b","3"],"INJ":["2","b"]}},{"indecs":["1","a","2"],"props":{"PROJ":["a","2"],"INJ":["1","a"]}},{"indecs":["1","a","a*b"],"props":{"PROJ":["1","a","a*b"],"INJ":["1","a","a*b"]}},{"indecs":["1","a","a*b","3"],"props":{"PROJ":["1","a*b","3"],"INJ":["1","a","a*b"]}},{"indecs":["1","a","a*b","2"],"props":{"PROJ":["a","a*b","2"],"INJ":["1","a","a*b"]}},{"indecs":["1","a","a*b","2","b"],"props":{"PROJ":["a*b","2","b"],"INJ":["1","a","a*b"]}},{"indecs":["1","a","a*b","2","b","3"],"props":{"PROJ":["a*b","b","3"],"INJ":["1","a","a*b"]}}]