{"vertices":["1","a","a*b","a*b*!c","2","b","b*!c","3","!c","4"],"arrows":[{"from":"a","to":"1"},{"from":"a*b*!c","to":"a"},{"from":"2","to":"a"},{"from":"b","to":"a*b"},{"from":"b*!c","to":"a*b*!c"},{"from":"a*b","to":"a*b*!c"},{"from":"b*!c","to":"2"},{"from":"3","to":"b"},{"from":"!c","to":"b*!c"},{"from":"b","to":"b*!c"},{"from":"3","to":"!c"},{"from":"a*b*!c","to":"4"},{"from":"1","to":"2","isTau":true},{"from":"a","to":"b*!c","isTau":true},{"from":"a*b*!c","to":"b","isTau":true},{"from":"2","to":"!c","isTau":true},{"from":"b*!c","to":"3","isTau":true},{"from":"4","to":"a*b","isTau":true}]}