[{"indecs":[],"props":{"PROJ":[],"INJ":[]}},{"indecs":["4"],"props":{"PROJ":["4"],"INJ":["4"]}},{"indecs":["3"],"props":{"PROJ":["3"],"INJ":["3"]}},{"indecs":["2"],"props":{"PROJ":["2"],"INJ":["2"]}},{"indecs":["1"],"props":{"PROJ":["1"],"INJ":["1"]}},{"indecs":["!c","4"],"props":{"PROJ":["!c","4"],"INJ":["!c","4"]}},{"indecs":["2","4"],"props":{"PROJ":["2","4"],"INJ":["2","4"]}},{"indecs":["2","b"],"props":{"PROJ":["2","b"],"INJ":["2","b"]}},{"indecs":["1","4"],"props":{"PROJ":["1","4"],"INJ":["1","4"]}},{"indecs":["1","3"],"props":{"PROJ":["1","3"],"INJ":["1","3"]}},{"indecs":["1","a"],"props":{"PROJ":["1","a"],"INJ":["1","a"]}},{"indecs":["3","!c","4"],"props":{"PROJ":["3","!c"],"INJ":["!c","4"]}},{"indecs":["2","b*!c","4"],"props":{"PROJ":["2","b*!c","4"],"INJ":["2","b*!c","4"]}},{"indecs":["2","b","3"],"props":{"PROJ":["b","3"],"INJ":["2","b"]}},{"indecs":["1","!c","4"],"props":{"PROJ":["1","!c","4"],"INJ":["1","!c","4"]}},{"indecs":["1","a","2"],"props":{"PROJ":["a","2"],"INJ":["1","a"]}},{"indecs":["1","a","4"],"props":{"PROJ":["1","a","4"],"INJ":["1","a","4"]}},{"indecs":["1","a","a*b"],"props":{"PROJ":["1","a","a*b"],"INJ":["1","a","a*b"]}},{"indecs":["2","b*!c","!c","4"],"props":{"PROJ":["b*!c","!c","4"],"INJ":["2","b*!c","4"]}},{"indecs":["2","b","b*!c","4"],"props":{"PROJ":["2","b","b*!c"],"INJ":["2","b*!c","4"]}},{"indecs":["1","3","!c","4"],"props":{"PROJ":["1","3","!c"],"INJ":["1","!c","4"]}},{"indecs":["1","a","a*b*!c","4"],"props":{"PROJ":["1","a","a*b*!c","4"],"INJ":["1","a","a*b*!c","4"]}},{"indecs":["1","a","2","4"],"props":{"PROJ":["a","2","4"],"INJ":["1","a","4"]}},{"indecs":["1","a","a*b","3"],"props":{"PROJ":["1","a*b","3"],"INJ":["1","a","a*b"]}},{"indecs":["1","a","a*b","2"],"props":{"PROJ":["a","a*b","2"],"INJ":["1","a","a*b"]}},{"indecs":["2","b","b*!c","!c","4"],"props":{"PROJ":["b","b*!c","!c"],"INJ":["2","b*!c","4"]}},{"indecs":["1","a","a*b*!c","!c","4"],"props":{"PROJ":["1","a*b*!c","!c","4"],"INJ":["1","a","a*b*!c","4"]}},{"indecs":["1","a","a*b*!c","2","4"],"props":{"PROJ":["a","a*b*!c","2","4"],"INJ":["1","a","a*b*!c","4"]}},{"indecs":["1","a","a*b","a*b*!c","4"],"props":{"PROJ":["1","a","a*b","a*b*!c"],"INJ":["1","a","a*b*!c","4"]}},{"indecs":["1","a","a*b","2","b"],"props":{"PROJ":["a*b","2","b"],"INJ":["1","a","a*b"]}},{"indecs":["2","b","b*!c","3","!c","4"],"props":{"PROJ":["b","3","!c"],"INJ":["2","b*!c","4"]}},{"indecs":["1","a","a*b*!c","2","b*!c","4"],"props":{"PROJ":["a*b*!c","2","b*!c","4"],"INJ":["1","a","a*b*!c","4"]}},{"indecs":["1","a","a*b","a*b*!c","!c","4"],"props":{"PROJ":["1","a*b","a*b*!c","!c"],"INJ":["1","a","a*b*!c","4"]}},{"indecs":["1","a","a*b","a*b*!c","2","4"],"props":{"PROJ":["a","a*b","a*b*!c","2"],"INJ":["1","a","a*b*!c","4"]}},{"indecs":["1","a","a*b","2","b","3"],"props":{"PROJ":["a*b","b","3"],"INJ":["1","a","a*b"]}},{"indecs":["1","a","a*b*!c","2","b*!c","!c","4"],"props":{"PROJ":["a*b*!c","b*!c","!c","4"],"INJ":["1","a","a*b*!c","4"]}},{"indecs":["1","a","a*b","a*b*!c","3","!c","4"],"props":{"PROJ":["1","a*b","3","!c"],"INJ":["1","a","a*b*!c","4"]}},{"indecs":["1","a","a*b","a*b*!c","2","b*!c","4"],"props":{"PROJ":["a*b","a*b*!c","2","b*!c"],"INJ":["1","a","a*b*!c","4"]}},{"indecs":["1","a","a*b","a*b*!c","2","b*!c","!c","4"],"props":{"PROJ":["a*b","a*b*!c","b*!c","!c"],"INJ":["1","a","a*b*!c","4"]}},{"indecs":["1","a","a*b","a*b*!c","2","b","b*!c","4"],"props":{"PROJ":["a*b","2","b","b*!c"],"INJ":["1","a","a*b*!c","4"]}},{"indecs":["1","a","a*b","a*b*!c","2","b","b*!c","!c","4"],"props":{"PROJ":["a*b","b","b*!c","!c"],"INJ":["1","a","a*b*!c","4"]}},{"indecs":["1","a","a*b","a*b*!c","2","b","b*!c","3","!c","4"],"props":{"PROJ":["a*b","b","3","!c"],"INJ":["1","a","a*b*!c","4"]}}]