{"vertices":["1","a","a*b","a*b*!c","a*b*!c*d","2","b","b*!c","b*!c*d","3","!c","!c*d","4","d","5"],"arrows":[{"from":"a","to":"1"},{"from":"a*b*!c","to":"a"},{"from":"2","to":"a"},{"from":"b","to":"a*b"},{"from":"a*b*!c*d","to":"a*b*!c"},{"from":"b*!c","to":"a*b*!c"},{"from":"b*!c*d","to":"a*b*!c*d"},{"from":"a*b","to":"a*b*!c*d"},{"from":"b*!c","to":"2"},{"from":"3","to":"b"},{"from":"b*!c*d","to":"b*!c"},{"from":"!c","to":"b*!c"},{"from":"!c*d","to":"b*!c*d"},{"from":"b","to":"b*!c*d"},{"from":"!c*d","to":"!c"},{"from":"5","to":"!c*d"},{"from":"3","to":"!c*d"},{"from":"a*b*!c","to":"4"},{"from":"d","to":"4"},{"from":"a*b*!c*d","to":"d"},{"from":"1","to":"2","isTau":true},{"from":"a","to":"b*!c","isTau":true},{"from":"a*b*!c","to":"b*!c*d","isTau":true},{"from":"a*b*!c*d","to":"b","isTau":true},{"from":"2","to":"!c","isTau":true},{"from":"b*!c","to":"!c*d","isTau":true},{"from":"b*!c*d","to":"3","isTau":true},{"from":"!c","to":"5","isTau":true},{"from":"4","to":"a*b*!c*d","isTau":true},{"from":"d","to":"a*b","isTau":true}]}