{"vertices":["1","a","a*b","a*b*!c","a*b*!c*d","a*b*!c*d*e","2","b","b*!c","b*!c*d","b*!c*d*e","3","!c","!c*d","!c*d*e","4","d","d*e","5","e","6"],"arrows":[{"from":"a","to":"1"},{"from":"a*b*!c","to":"a"},{"from":"2","to":"a"},{"from":"b","to":"a*b"},{"from":"a*b*!c*d","to":"a*b*!c"},{"from":"b*!c","to":"a*b*!c"},{"from":"a*b*!c*d*e","to":"a*b*!c*d"},{"from":"b*!c*d","to":"a*b*!c*d"},{"from":"b*!c*d*e","to":"a*b*!c*d*e"},{"from":"a*b","to":"a*b*!c*d*e"},{"from":"b*!c","to":"2"},{"from":"3","to":"b"},{"from":"b*!c*d","to":"b*!c"},{"from":"!c","to":"b*!c"},{"from":"b*!c*d*e","to":"b*!c*d"},{"from":"!c*d","to":"b*!c*d"},{"from":"!c*d*e","to":"b*!c*d*e"},{"from":"b","to":"b*!c*d*e"},{"from":"!c*d","to":"!c"},{"from":"!c*d*e","to":"!c*d"},{"from":"5","to":"!c*d"},{"from":"e","to":"!c*d*e"},{"from":"3","to":"!c*d*e"},{"from":"a*b*!c","to":"4"},{"from":"d","to":"4"},{"from":"a*b*!c*d","to":"d"},{"from":"d*e","to":"d"},{"from":"a*b*!c*d*e","to":"d*e"},{"from":"e","to":"5"},{"from":"6","to":"e"},{"from":"1","to":"2","isTau":true},{"from":"a","to":"b*!c","isTau":true},{"from":"a*b*!c","to":"b*!c*d","isTau":true},{"from":"a*b*!c*d","to":"b*!c*d*e","isTau":true},{"from":"a*b*!c*d*e","to":"b","isTau":true},{"from":"2","to":"!c","isTau":true},{"from":"b*!c","to":"!c*d","isTau":true},{"from":"b*!c*d","to":"!c*d*e","isTau":true},{"from":"b*!c*d*e","to":"3","isTau":true},{"from":"!c","to":"5","isTau":true},{"from":"!c*d","to":"e","isTau":true},{"from":"4","to":"a*b*!c*d","isTau":true},{"from":"d","to":"a*b*!c*d*e","isTau":true},{"from":"d*e","to":"a*b","isTau":true},{"from":"5","to":"6","isTau":true}]}