[{"indecs":[],"props":{"PROJ":[],"INJ":[]}},{"indecs":["6"],"props":{"PROJ":["6"],"INJ":["6"]}},{"indecs":["5"],"props":{"PROJ":["5"],"INJ":["5"]}},{"indecs":["4"],"props":{"PROJ":["4"],"INJ":["4"]}},{"indecs":["3"],"props":{"PROJ":["3"],"INJ":["3"]}},{"indecs":["2"],"props":{"PROJ":["2"],"INJ":["2"]}},{"indecs":["1"],"props":{"PROJ":["1"],"INJ":["1"]}},{"indecs":["5","e"],"props":{"PROJ":["5","e"],"INJ":["5","e"]}},{"indecs":["!c","4"],"props":{"PROJ":["!c","4"],"INJ":["!c","4"]}},{"indecs":["4","6"],"props":{"PROJ":["4","6"],"INJ":["4","6"]}},{"indecs":["4","d"],"props":{"PROJ":["4","d"],"INJ":["4","d"]}},{"indecs":["3","6"],"props":{"PROJ":["3","6"],"INJ":["3","6"]}},{"indecs":["3","5"],"props":{"PROJ":["3","5"],"INJ":["3","5"]}},{"indecs":["2","6"],"props":{"PROJ":["2","6"],"INJ":["2","6"]}},{"indecs":["2","5"],"props":{"PROJ":["2","5"],"INJ":["2","5"]}},{"indecs":["2","4"],"props":{"PROJ":["2","4"],"INJ":["2","4"]}},{"indecs":["2","b"],"props":{"PROJ":["2","b"],"INJ":["2","b"]}},{"indecs":["1","6"],"props":{"PROJ":["1","6"],"INJ":["1","6"]}},{"indecs":["1","5"],"props":{"PROJ":["1","5"],"INJ":["1","5"]}},{"indecs":["1","4"],"props":{"PROJ":["1","4"],"INJ":["1","4"]}},{"indecs":["1","3"],"props":{"PROJ":["1","3"],"INJ":["1","3"]}},{"indecs":["1","a"],"props":{"PROJ":["1","a"],"INJ":["1","a"]}},{"indecs":["5","e","6"],"props":{"PROJ":["e","6"],"INJ":["5","e"]}},{"indecs":["!c","4","6"],"props":{"PROJ":["!c","4","6"],"INJ":["!c","4","6"]}},{"indecs":["4","d","5"],"props":{"PROJ":["d","5"],"INJ":["4","d"]}},{"indecs":["4","d","d*e"],"props":{"PROJ":["4","d","d*e"],"INJ":["4","d","d*e"]}},{"indecs":["!c","4","d"],"props":{"PROJ":["!c","4","d"],"INJ":["!c","4","d"]}},{"indecs":["3","5","e"],"props":{"PROJ":["3","5","e"],"INJ":["3","5","e"]}},{"indecs":["3","!c","4"],"props":{"PROJ":["3","!c"],"INJ":["!c","4"]}},{"indecs":["2","b*!c","4"],"props":{"PROJ":["2","b*!c","4"],"INJ":["2","b*!c","4"]}},{"indecs":["2","5","e"],"props":{"PROJ":["2","5","e"],"INJ":["2","5","e"]}},{"indecs":["2","4","6"],"props":{"PROJ":["2","4","6"],"INJ":["2","4","6"]}},{"indecs":["2","4","d"],"props":{"PROJ":["2","4","d"],"INJ":["2","4","d"]}},{"indecs":["2","b","6"],"props":{"PROJ":["2","b","6"],"INJ":["2","b","6"]}},{"indecs":["2","b","5"],"props":{"PROJ":["2","b","5"],"INJ":["2","b","5"]}},{"indecs":["2","b","3"],"props":{"PROJ":["b","3"],"INJ":["2","b"]}},{"indecs":["1","5","e"],"props":{"PROJ":["1","5","e"],"INJ":["1","5","e"]}},{"indecs":["1","!c","4"],"props":{"PROJ":["1","!c","4"],"INJ":["1","!c","4"]}},{"indecs":["1","4","6"],"props":{"PROJ":["1","4","6"],"INJ":["1","4","6"]}},{"indecs":["1","4","d"],"props":{"PROJ":["1","4","d"],"INJ":["1","4","d"]}},{"indecs":["1","3","6"],"props":{"PROJ":["1","3","6"],"INJ":["1","3","6"]}},{"indecs":["1","3","5"],"props":{"PROJ":["1","3","5"],"INJ":["1","3","5"]}},{"indecs":["1","a","6"],"props":{"PROJ":["1","a","6"],"INJ":["1","a","6"]}},{"indecs":["1","a","5"],"props":{"PROJ":["1","a","5"],"INJ":["1","a","5"]}},{"indecs":["1","a","2"],"props":{"PROJ":["a","2"],"INJ":["1","a"]}},{"indecs":["1","a","4"],"props":{"PROJ":["1","a","4"],"INJ":["1","a","4"]}},{"indecs":["1","a","a*b"],"props":{"PROJ":["1","a","a*b"],"INJ":["1","a","a*b"]}},{"indecs":["!c","!c*d","4","d"],"props":{"PROJ":["!c","!c*d","d"],"INJ":["!c","4","d"]}},{"indecs":["4","d","d*e","6"],"props":{"PROJ":["4","d*e","6"],"INJ":["4","d","d*e"]}},{"indecs":["4","d","d*e","5"],"props":{"PROJ":["d","d*e","5"],"INJ":["4","d","d*e"]}},{"indecs":["!c","4","d","d*e"],"props":{"PROJ":["!c","4","d","d*e"],"INJ":["!c","4","d","d*e"]}},{"indecs":["3","5","e","6"],"props":{"PROJ":["3","e","6"],"INJ":["3","5","e"]}},{"indecs":["3","!c","4","6"],"props":{"PROJ":["3","!c","6"],"INJ":["!c","4","6"]}},{"indecs":["2","b*!c","4","6"],"props":{"PROJ":["2","b*!c","4","6"],"INJ":["2","b*!c","4","6"]}},{"indecs":["2","5","e","6"],"props":{"PROJ":["2","e","6"],"INJ":["2","5","e"]}},{"indecs":["2","b*!c","!c","4"],"props":{"PROJ":["b*!c","!c","4"],"INJ":["2","b*!c","4"]}},{"indecs":["2","4","d","5"],"props":{"PROJ":["2","d","5"],"INJ":["2","4","d"]}},{"indecs":["2","4","d","d*e"],"props":{"PROJ":["2","4","d","d*e"],"INJ":["2","4","d","d*e"]}},{"indecs":["2","b*!c","4","d"],"props":{"PROJ":["2","b*!c","4","d"],"INJ":["2","b*!c","4","d"]}},{"indecs":["2","b","5","e"],"props":{"PROJ":["2","b","5","e"],"INJ":["2","b","5","e"]}},{"indecs":["2","b","b*!c","4"],"props":{"PROJ":["2","b","b*!c"],"INJ":["2","b*!c","4"]}},{"indecs":["2","b","3","6"],"props":{"PROJ":["b","3","6"],"INJ":["2","b","6"]}},{"indecs":["2","b","3","5"],"props":{"PROJ":["b","3","5"],"INJ":["2","b","5"]}},{"indecs":["1","5","e","6"],"props":{"PROJ":["1","e","6"],"INJ":["1","5","e"]}},{"indecs":["1","!c","4","6"],"props":{"PROJ":["1","!c","4","6"],"INJ":["1","!c","4","6"]}},{"indecs":["1","4","d","5"],"props":{"PROJ":["1","d","5"],"INJ":["1","4","d"]}},{"indecs":["1","4","d","d*e"],"props":{"PROJ":["1","4","d","d*e"],"INJ":["1","4","d","d*e"]}},{"indecs":["1","!c","4","d"],"props":{"PROJ":["1","!c","4","d"],"INJ":["1","!c","4","d"]}},{"indecs":["1","3","5","e"],"props":{"PROJ":["1","3","5","e"],"INJ":["1","3","5","e"]}},{"indecs":["1","3","!c","4"],"props":{"PROJ":["1","3","!c"],"INJ":["1","!c","4"]}},{"indecs":["1","a","a*b*!c","4"],"props":{"PROJ":["1","a","a*b*!c","4"],"INJ":["1","a","a*b*!c","4"]}},{"indecs":["1","a","5","e"],"props":{"PROJ":["1","a","5","e"],"INJ":["1","a","5","e"]}},{"indecs":["1","a","2","6"],"props":{"PROJ":["a","2","6"],"INJ":["1","a","6"]}},{"indecs":["1","a","2","5"],"props":{"PROJ":["a","2","5"],"INJ":["1","a","5"]}},{"indecs":["1","a","4","6"],"props":{"PROJ":["1","a","4","6"],"INJ":["1","a","4","6"]}},{"indecs":["1","a","4","d"],"props":{"PROJ":["1","a","4","d"],"INJ":["1","a","4","d"]}},{"indecs":["1","a","2","4"],"props":{"PROJ":["a","2","4"],"INJ":["1","a","4"]}},{"indecs":["1","a","a*b","6"],"props":{"PROJ":["1","a","a*b","6"],"INJ":["1","a","a*b","6"]}},{"indecs":["1","a","a*b","5"],"props":{"PROJ":["1","a","a*b","5"],"INJ":["1","a","a*b","5"]}},{"indecs":["1","a","a*b","3"],"props":{"PROJ":["1","a*b","3"],"INJ":["1","a","a*b"]}},{"indecs":["1","a","a*b","2"],"props":{"PROJ":["a","a*b","2"],"INJ":["1","a","a*b"]}},{"indecs":["!c","!c*d","4","d","5"],"props":{"PROJ":["!c*d","d","5"],"INJ":["!c","4","d"]}},{"indecs":["4","d","d*e","5","e"],"props":{"PROJ":["d*e","5","e"],"INJ":["4","d","d*e"]}},{"indecs":["!c","4","d","d*e","6"],"props":{"PROJ":["!c","4","d*e","6"],"INJ":["!c","4","d","d*e"]}},{"indecs":["!c","!c*d","4","d","d*e"],"props":{"PROJ":["!c","!c*d","d","d*e"],"INJ":["!c","4","d","d*e"]}},{"indecs":["3","!c","!c*d","4","d"],"props":{"PROJ":["3","!c","!c*d"],"INJ":["!c","4","d"]}},{"indecs":["2","b*!c","b*!c*d","4","d"],"props":{"PROJ":["2","b*!c","b*!c*d","d"],"INJ":["2","b*!c","4","d"]}},{"indecs":["2","b*!c","!c","4","6"],"props":{"PROJ":["b*!c","!c","4","6"],"INJ":["2","b*!c","4","6"]}},{"indecs":["2","4","d","d*e","6"],"props":{"PROJ":["2","4","d*e","6"],"INJ":["2","4","d","d*e"]}},{"indecs":["2","4","d","d*e","5"],"props":{"PROJ":["2","d","d*e","5"],"INJ":["2","4","d","d*e"]}},{"indecs":["2","b*!c","4","d","d*e"],"props":{"PROJ":["2","b*!c","4","d","d*e"],"INJ":["2","b*!c","4","d","d*e"]}},{"indecs":["2","b*!c","!c","4","d"],"props":{"PROJ":["b*!c","!c","4","d"],"INJ":["2","b*!c","4","d"]}},{"indecs":["2","b","5","e","6"],"props":{"PROJ":["2","b","e","6"],"INJ":["2","b","5","e"]}},{"indecs":["2","b","b*!c","!c","4"],"props":{"PROJ":["b","b*!c","!c"],"INJ":["2","b*!c","4"]}},{"indecs":["2","b","b*!c","4","6"],"props":{"PROJ":["2","b","b*!c","6"],"INJ":["2","b*!c","4","6"]}},{"indecs":["2","b","3","5","e"],"props":{"PROJ":["b","3","5","e"],"INJ":["2","b","5","e"]}},{"indecs":["1","!c","!c*d","4","d"],"props":{"PROJ":["1","!c","!c*d","d"],"INJ":["1","!c","4","d"]}},{"indecs":["1","4","d","d*e","6"],"props":{"PROJ":["1","4","d*e","6"],"INJ":["1","4","d","d*e"]}},{"indecs":["1","4","d","d*e","5"],"props":{"PROJ":["1","d","d*e","5"],"INJ":["1","4","d","d*e"]}},{"indecs":["1","!c","4","d","d*e"],"props":{"PROJ":["1","!c","4","d","d*e"],"INJ":["1","!c","4","d","d*e"]}},{"indecs":["1","3","5","e","6"],"props":{"PROJ":["1","3","e","6"],"INJ":["1","3","5","e"]}},{"indecs":["1","3","!c","4","6"],"props":{"PROJ":["1","3","!c","6"],"INJ":["1","!c","4","6"]}},{"indecs":["1","a","a*b*!c","4","6"],"props":{"PROJ":["1","a","a*b*!c","4","6"],"INJ":["1","a","a*b*!c","4","6"]}},{"indecs":["1","a","5","e","6"],"props":{"PROJ":["1","a","e","6"],"INJ":["1","a","5","e"]}},{"indecs":["1","a","a*b*!c","!c","4"],"props":{"PROJ":["1","a*b*!c","!c","4"],"INJ":["1","a","a*b*!c","4"]}},{"indecs":["1","a","a*b*!c","2","4"],"props":{"PROJ":["a","a*b*!c","2","4"],"INJ":["1","a","a*b*!c","4"]}},{"indecs":["1","a","2","5","e"],"props":{"PROJ":["a","2","5","e"],"INJ":["1","a","5","e"]}},{"indecs":["1","a","4","d","5"],"props":{"PROJ":["1","a","d","5"],"INJ":["1","a","4","d"]}},{"indecs":["1","a","4","d","d*e"],"props":{"PROJ":["1","a","4","d","d*e"],"INJ":["1","a","4","d","d*e"]}},{"indecs":["1","a","2","4","6"],"props":{"PROJ":["a","2","4","6"],"INJ":["1","a","4","6"]}},{"indecs":["1","a","2","4","d"],"props":{"PROJ":["a","2","4","d"],"INJ":["1","a","4","d"]}},{"indecs":["1","a","a*b*!c","4","d"],"props":{"PROJ":["1","a","a*b*!c","4","d"],"INJ":["1","a","a*b*!c","4","d"]}},{"indecs":["1","a","a*b","5","e"],"props":{"PROJ":["1","a","a*b","5","e"],"INJ":["1","a","a*b","5","e"]}},{"indecs":["1","a","a*b","a*b*!c","4"],"props":{"PROJ":["1","a","a*b","a*b*!c"],"INJ":["1","a","a*b*!c","4"]}},{"indecs":["1","a","a*b","3","6"],"props":{"PROJ":["1","a*b","3","6"],"INJ":["1","a","a*b","6"]}},{"indecs":["1","a","a*b","3","5"],"props":{"PROJ":["1","a*b","3","5"],"INJ":["1","a","a*b","5"]}},{"indecs":["1","a","a*b","2","6"],"props":{"PROJ":["a","a*b","2","6"],"INJ":["1","a","a*b","6"]}},{"indecs":["1","a","a*b","2","5"],"props":{"PROJ":["a","a*b","2","5"],"INJ":["1","a","a*b","5"]}},{"indecs":["1","a","a*b","2","b"],"props":{"PROJ":["a*b","2","b"],"INJ":["1","a","a*b"]}},{"indecs":["!c","!c*d","!c*d*e","4","d","d*e"],"props":{"PROJ":["!c","!c*d","!c*d*e","d*e"],"INJ":["!c","4","d","d*e"]}},{"indecs":["4","d","d*e","5","e","6"],"props":{"PROJ":["d*e","e","6"],"INJ":["4","d","d*e"]}},{"indecs":["!c","!c*d","4","d","d*e","5"],"props":{"PROJ":["!c*d","d","d*e","5"],"INJ":["!c","4","d","d*e"]}},{"indecs":["3","!c","!c*d","4","d","5"],"props":{"PROJ":["3","!c*d","5"],"INJ":["!c","4","d"]}},{"indecs":["2","b*!c","b*!c*d","4","d","5"],"props":{"PROJ":["2","b*!c*d","d","5"],"INJ":["2","b*!c","4","d"]}},{"indecs":["2","b*!c","b*!c*d","!c","4","d"],"props":{"PROJ":["b*!c","b*!c*d","!c","d"],"INJ":["2","b*!c","4","d"]}},{"indecs":["2","4","d","d*e","5","e"],"props":{"PROJ":["2","d*e","5","e"],"INJ":["2","4","d","d*e"]}},{"indecs":["2","b*!c","4","d","d*e","6"],"props":{"PROJ":["2","b*!c","4","d*e","6"],"INJ":["2","b*!c","4","d","d*e"]}},{"indecs":["2","b*!c","!c","4","d","d*e"],"props":{"PROJ":["b*!c","!c","4","d","d*e"],"INJ":["2","b*!c","4","d","d*e"]}},{"indecs":["2","b*!c","b*!c*d","4","d","d*e"],"props":{"PROJ":["2","b*!c","b*!c*d","d","d*e"],"INJ":["2","b*!c","4","d","d*e"]}},{"indecs":["2","b","b*!c","!c","4","6"],"props":{"PROJ":["b","b*!c","!c","6"],"INJ":["2","b*!c","4","6"]}},{"indecs":["2","b","b*!c","b*!c*d","4","d"],"props":{"PROJ":["2","b","b*!c","b*!c*d"],"INJ":["2","b*!c","4","d"]}},{"indecs":["2","b","3","5","e","6"],"props":{"PROJ":["b","3","e","6"],"INJ":["2","b","5","e"]}},{"indecs":["2","b","b*!c","3","!c","4"],"props":{"PROJ":["b","3","!c"],"INJ":["2","b*!c","4"]}},{"indecs":["1","!c","!c*d","4","d","5"],"props":{"PROJ":["1","!c*d","d","5"],"INJ":["1","!c","4","d"]}},{"indecs":["1","4","d","d*e","5","e"],"props":{"PROJ":["1","d*e","5","e"],"INJ":["1","4","d","d*e"]}},{"indecs":["1","!c","4","d","d*e","6"],"props":{"PROJ":["1","!c","4","d*e","6"],"INJ":["1","!c","4","d","d*e"]}},{"indecs":["1","!c","!c*d","4","d","d*e"],"props":{"PROJ":["1","!c","!c*d","d","d*e"],"INJ":["1","!c","4","d","d*e"]}},{"indecs":["1","3","!c","!c*d","4","d"],"props":{"PROJ":["1","3","!c","!c*d"],"INJ":["1","!c","4","d"]}},{"indecs":["1","a","a*b*!c","a*b*!c*d","4","d"],"props":{"PROJ":["1","a","a*b*!c","a*b*!c*d","d"],"INJ":["1","a","a*b*!c","4","d"]}},{"indecs":["1","a","a*b*!c","!c","4","6"],"props":{"PROJ":["1","a*b*!c","!c","4","6"],"INJ":["1","a","a*b*!c","4","6"]}},{"indecs":["1","a","a*b*!c","2","4","6"],"props":{"PROJ":["a","a*b*!c","2","4","6"],"INJ":["1","a","a*b*!c","4","6"]}},{"indecs":["1","a","a*b*!c","2","b*!c","4"],"props":{"PROJ":["a*b*!c","2","b*!c","4"],"INJ":["1","a","a*b*!c","4"]}},{"indecs":["1","a","2","5","e","6"],"props":{"PROJ":["a","2","e","6"],"INJ":["1","a","5","e"]}},{"indecs":["1","a","4","d","d*e","6"],"props":{"PROJ":["1","a","4","d*e","6"],"INJ":["1","a","4","d","d*e"]}},{"indecs":["1","a","4","d","d*e","5"],"props":{"PROJ":["1","a","d","d*e","5"],"INJ":["1","a","4","d","d*e"]}},{"indecs":["1","a","2","4","d","5"],"props":{"PROJ":["a","2","d","5"],"INJ":["1","a","4","d"]}},{"indecs":["1","a","2","4","d","d*e"],"props":{"PROJ":["a","2","4","d","d*e"],"INJ":["1","a","4","d","d*e"]}},{"indecs":["1","a","a*b*!c","4","d","d*e"],"props":{"PROJ":["1","a","a*b*!c","4","d","d*e"],"INJ":["1","a","a*b*!c","4","d","d*e"]}},{"indecs":["1","a","a*b*!c","!c","4","d"],"props":{"PROJ":["1","a*b*!c","!c","4","d"],"INJ":["1","a","a*b*!c","4","d"]}},{"indecs":["1","a","a*b*!c","2","4","d"],"props":{"PROJ":["a","a*b*!c","2","4","d"],"INJ":["1","a","a*b*!c","4","d"]}},{"indecs":["1","a","a*b","5","e","6"],"props":{"PROJ":["1","a","a*b","e","6"],"INJ":["1","a","a*b","5","e"]}},{"indecs":["1","a","a*b","a*b*!c","!c","4"],"props":{"PROJ":["1","a*b","a*b*!c","!c"],"INJ":["1","a","a*b*!c","4"]}},{"indecs":["1","a","a*b","a*b*!c","4","6"],"props":{"PROJ":["1","a","a*b","a*b*!c","6"],"INJ":["1","a","a*b*!c","4","6"]}},{"indecs":["1","a","a*b","3","5","e"],"props":{"PROJ":["1","a*b","3","5","e"],"INJ":["1","a","a*b","5","e"]}},{"indecs":["1","a","a*b","2","5","e"],"props":{"PROJ":["a","a*b","2","5","e"],"INJ":["1","a","a*b","5","e"]}},{"indecs":["1","a","a*b","a*b*!c","2","4"],"props":{"PROJ":["a","a*b","a*b*!c","2"],"INJ":["1","a","a*b*!c","4"]}},{"indecs":["1","a","a*b","2","b","6"],"props":{"PROJ":["a*b","2","b","6"],"INJ":["1","a","a*b","6"]}},{"indecs":["1","a","a*b","2","b","5"],"props":{"PROJ":["a*b","2","b","5"],"INJ":["1","a","a*b","5"]}},{"indecs":["1","a","a*b","2","b","3"],"props":{"PROJ":["a*b","b","3"],"INJ":["1","a","a*b"]}},{"indecs":["!c","!c*d","!c*d*e","4","d","d*e","6"],"props":{"PROJ":["!c","!c*d*e","d*e","6"],"INJ":["!c","4","d","d*e"]}},{"indecs":["!c","!c*d","!c*d*e","4","d","d*e","5"],"props":{"PROJ":["!c*d","!c*d*e","d*e","5"],"INJ":["!c","4","d","d*e"]}},{"indecs":["3","!c","!c*d","!c*d*e","4","d","d*e"],"props":{"PROJ":["3","!c","!c*d","!c*d*e"],"INJ":["!c","4","d","d*e"]}},{"indecs":["2","b*!c","b*!c*d","b*!c*d*e","4","d","d*e"],"props":{"PROJ":["2","b*!c","b*!c*d","b*!c*d*e","d*e"],"INJ":["2","b*!c","4","d","d*e"]}},{"indecs":["2","b*!c","b*!c*d","!c","!c*d","4","d"],"props":{"PROJ":["b*!c*d","!c","!c*d","d"],"INJ":["2","b*!c","4","d"]}},{"indecs":["2","4","d","d*e","5","e","6"],"props":{"PROJ":["2","d*e","e","6"],"INJ":["2","4","d","d*e"]}},{"indecs":["2","b*!c","!c","4","d","d*e","6"],"props":{"PROJ":["b*!c","!c","4","d*e","6"],"INJ":["2","b*!c","4","d","d*e"]}},{"indecs":["2","b*!c","b*!c*d","4","d","d*e","5"],"props":{"PROJ":["2","b*!c*d","d","d*e","5"],"INJ":["2","b*!c","4","d","d*e"]}},{"indecs":["2","b*!c","b*!c*d","!c","4","d","d*e"],"props":{"PROJ":["b*!c","b*!c*d","!c","d","d*e"],"INJ":["2","b*!c","4","d","d*e"]}},{"indecs":["2","b","b*!c","b*!c*d","4","d","5"],"props":{"PROJ":["2","b","b*!c*d","5"],"INJ":["2","b*!c","4","d"]}},{"indecs":["2","b","b*!c","b*!c*d","!c","4","d"],"props":{"PROJ":["b","b*!c","b*!c*d","!c"],"INJ":["2","b*!c","4","d"]}},{"indecs":["2","b","b*!c","3","!c","4","6"],"props":{"PROJ":["b","3","!c","6"],"INJ":["2","b*!c","4","6"]}},{"indecs":["1","!c","!c*d","!c*d*e","4","d","d*e"],"props":{"PROJ":["1","!c","!c*d","!c*d*e","d*e"],"INJ":["1","!c","4","d","d*e"]}},{"indecs":["1","4","d","d*e","5","e","6"],"props":{"PROJ":["1","d*e","e","6"],"INJ":["1","4","d","d*e"]}},{"indecs":["1","!c","!c*d","4","d","d*e","5"],"props":{"PROJ":["1","!c*d","d","d*e","5"],"INJ":["1","!c","4","d","d*e"]}},{"indecs":["1","3","!c","!c*d","4","d","5"],"props":{"PROJ":["1","3","!c*d","5"],"INJ":["1","!c","4","d"]}},{"indecs":["1","a","a*b*!c","a*b*!c*d","4","d","5"],"props":{"PROJ":["1","a","a*b*!c*d","d","5"],"INJ":["1","a","a*b*!c","4","d"]}},{"indecs":["1","a","a*b*!c","a*b*!c*d","!c","4","d"],"props":{"PROJ":["1","a*b*!c","a*b*!c*d","!c","d"],"INJ":["1","a","a*b*!c","4","d"]}},{"indecs":["1","a","a*b*!c","a*b*!c*d","2","4","d"],"props":{"PROJ":["a","a*b*!c","a*b*!c*d","2","d"],"INJ":["1","a","a*b*!c","4","d"]}},{"indecs":["1","a","a*b*!c","2","b*!c","4","6"],"props":{"PROJ":["a*b*!c","2","b*!c","4","6"],"INJ":["1","a","a*b*!c","4","6"]}},{"indecs":["1","a","a*b*!c","2","b*!c","!c","4"],"props":{"PROJ":["a*b*!c","b*!c","!c","4"],"INJ":["1","a","a*b*!c","4"]}},{"indecs":["1","a","4","d","d*e","5","e"],"props":{"PROJ":["1","a","d*e","5","e"],"INJ":["1","a","4","d","d*e"]}},{"indecs":["1","a","2","4","d","d*e","6"],"props":{"PROJ":["a","2","4","d*e","6"],"INJ":["1","a","4","d","d*e"]}},{"indecs":["1","a","2","4","d","d*e","5"],"props":{"PROJ":["a","2","d","d*e","5"],"INJ":["1","a","4","d","d*e"]}},{"indecs":["1","a","a*b*!c","4","d","d*e","6"],"props":{"PROJ":["1","a","a*b*!c","4","d*e","6"],"INJ":["1","a","a*b*!c","4","d","d*e"]}},{"indecs":["1","a","a*b*!c","!c","4","d","d*e"],"props":{"PROJ":["1","a*b*!c","!c","4","d","d*e"],"INJ":["1","a","a*b*!c","4","d","d*e"]}},{"indecs":["1","a","a*b*!c","2","4","d","d*e"],"props":{"PROJ":["a","a*b*!c","2","4","d","d*e"],"INJ":["1","a","a*b*!c","4","d","d*e"]}},{"indecs":["1","a","a*b*!c","2","b*!c","4","d"],"props":{"PROJ":["a*b*!c","2","b*!c","4","d"],"INJ":["1","a","a*b*!c","4","d"]}},{"indecs":["1","a","a*b*!c","a*b*!c*d","4","d","d*e"],"props":{"PROJ":["1","a","a*b*!c","a*b*!c*d","d","d*e"],"INJ":["1","a","a*b*!c","4","d","d*e"]}},{"indecs":["1","a","a*b","a*b*!c","!c","4","6"],"props":{"PROJ":["1","a*b","a*b*!c","!c","6"],"INJ":["1","a","a*b*!c","4","6"]}},{"indecs":["1","a","a*b","a*b*!c","a*b*!c*d","4","d"],"props":{"PROJ":["1","a","a*b","a*b*!c","a*b*!c*d"],"INJ":["1","a","a*b*!c","4","d"]}},{"indecs":["1","a","a*b","3","5","e","6"],"props":{"PROJ":["1","a*b","3","e","6"],"INJ":["1","a","a*b","5","e"]}},{"indecs":["1","a","a*b","a*b*!c","3","!c","4"],"props":{"PROJ":["1","a*b","3","!c"],"INJ":["1","a","a*b*!c","4"]}},{"indecs":["1","a","a*b","a*b*!c","2","b*!c","4"],"props":{"PROJ":["a*b","a*b*!c","2","b*!c"],"INJ":["1","a","a*b*!c","4"]}},{"indecs":["1","a","a*b","2","5","e","6"],"props":{"PROJ":["a","a*b","2","e","6"],"INJ":["1","a","a*b","5","e"]}},{"indecs":["1","a","a*b","a*b*!c","2","4","6"],"props":{"PROJ":["a","a*b","a*b*!c","2","6"],"INJ":["1","a","a*b*!c","4","6"]}},{"indecs":["1","a","a*b","2","b","5","e"],"props":{"PROJ":["a*b","2","b","5","e"],"INJ":["1","a","a*b","5","e"]}},{"indecs":["1","a","a*b","2","b","3","6"],"props":{"PROJ":["a*b","b","3","6"],"INJ":["1","a","a*b","6"]}},{"indecs":["1","a","a*b","2","b","3","5"],"props":{"PROJ":["a*b","b","3","5"],"INJ":["1","a","a*b","5"]}},{"indecs":["!c","!c*d","!c*d*e","4","d","d*e","5","e"],"props":{"PROJ":["!c*d*e","d*e","5","e"],"INJ":["!c","4","d","d*e"]}},{"indecs":["3","!c","!c*d","!c*d*e","4","d","d*e","6"],"props":{"PROJ":["3","!c","!c*d*e","6"],"INJ":["!c","4","d","d*e"]}},{"indecs":["3","!c","!c*d","!c*d*e","4","d","d*e","5"],"props":{"PROJ":["3","!c*d","!c*d*e","5"],"INJ":["!c","4","d","d*e"]}},{"indecs":["2","b*!c","b*!c*d","b*!c*d*e","4","d","d*e","6"],"props":{"PROJ":["2","b*!c","b*!c*d*e","d*e","6"],"INJ":["2","b*!c","4","d","d*e"]}},{"indecs":["2","b*!c","b*!c*d","b*!c*d*e","4","d","d*e","5"],"props":{"PROJ":["2","b*!c*d","b*!c*d*e","d*e","5"],"INJ":["2","b*!c","4","d","d*e"]}},{"indecs":["2","b*!c","b*!c*d","b*!c*d*e","!c","4","d","d*e"],"props":{"PROJ":["b*!c","b*!c*d","b*!c*d*e","!c","d*e"],"INJ":["2","b*!c","4","d","d*e"]}},{"indecs":["2","b*!c","b*!c*d","!c","!c*d","4","d","5"],"props":{"PROJ":["b*!c*d","!c*d","d","5"],"INJ":["2","b*!c","4","d"]}},{"indecs":["2","b*!c","b*!c*d","!c","!c*d","4","d","d*e"],"props":{"PROJ":["b*!c*d","!c","!c*d","d","d*e"],"INJ":["2","b*!c","4","d","d*e"]}},{"indecs":["2","b","b*!c","b*!c*d","!c","!c*d","4","d"],"props":{"PROJ":["b","b*!c*d","!c","!c*d"],"INJ":["2","b*!c","4","d"]}},{"indecs":["2","b","b*!c","b*!c*d","b*!c*d*e","4","d","d*e"],"props":{"PROJ":["2","b","b*!c","b*!c*d","b*!c*d*e"],"INJ":["2","b*!c","4","d","d*e"]}},{"indecs":["1","!c","!c*d","!c*d*e","4","d","d*e","6"],"props":{"PROJ":["1","!c","!c*d*e","d*e","6"],"INJ":["1","!c","4","d","d*e"]}},{"indecs":["1","!c","!c*d","!c*d*e","4","d","d*e","5"],"props":{"PROJ":["1","!c*d","!c*d*e","d*e","5"],"INJ":["1","!c","4","d","d*e"]}},{"indecs":["1","3","!c","!c*d","!c*d*e","4","d","d*e"],"props":{"PROJ":["1","3","!c","!c*d","!c*d*e"],"INJ":["1","!c","4","d","d*e"]}},{"indecs":["1","a","a*b*!c","a*b*!c*d","a*b*!c*d*e","4","d","d*e"],"props":{"PROJ":["1","a","a*b*!c","a*b*!c*d","a*b*!c*d*e","d*e"],"INJ":["1","a","a*b*!c","4","d","d*e"]}},{"indecs":["1","a","a*b*!c","a*b*!c*d","!c","!c*d","4","d"],"props":{"PROJ":["1","a*b*!c*d","!c","!c*d","d"],"INJ":["1","a","a*b*!c","4","d"]}},{"indecs":["1","a","a*b*!c","a*b*!c*d","2","4","d","5"],"props":{"PROJ":["a","a*b*!c*d","2","d","5"],"INJ":["1","a","a*b*!c","4","d"]}},{"indecs":["1","a","a*b*!c","a*b*!c*d","2","b*!c","4","d"],"props":{"PROJ":["a*b*!c","a*b*!c*d","2","b*!c","d"],"INJ":["1","a","a*b*!c","4","d"]}},{"indecs":["1","a","a*b*!c","2","b*!c","!c","4","6"],"props":{"PROJ":["a*b*!c","b*!c","!c","4","6"],"INJ":["1","a","a*b*!c","4","6"]}},{"indecs":["1","a","4","d","d*e","5","e","6"],"props":{"PROJ":["1","a","d*e","e","6"],"INJ":["1","a","4","d","d*e"]}},{"indecs":["1","a","2","4","d","d*e","5","e"],"props":{"PROJ":["a","2","d*e","5","e"],"INJ":["1","a","4","d","d*e"]}},{"indecs":["1","a","a*b*!c","!c","4","d","d*e","6"],"props":{"PROJ":["1","a*b*!c","!c","4","d*e","6"],"INJ":["1","a","a*b*!c","4","d","d*e"]}},{"indecs":["1","a","a*b*!c","2","4","d","d*e","6"],"props":{"PROJ":["a","a*b*!c","2","4","d*e","6"],"INJ":["1","a","a*b*!c","4","d","d*e"]}},{"indecs":["1","a","a*b*!c","2","b*!c","4","d","d*e"],"props":{"PROJ":["a*b*!c","2","b*!c","4","d","d*e"],"INJ":["1","a","a*b*!c","4","d","d*e"]}},{"indecs":["1","a","a*b*!c","2","b*!c","!c","4","d"],"props":{"PROJ":["a*b*!c","b*!c","!c","4","d"],"INJ":["1","a","a*b*!c","4","d"]}},{"indecs":["1","a","a*b*!c","a*b*!c*d","4","d","d*e","5"],"props":{"PROJ":["1","a","a*b*!c*d","d","d*e","5"],"INJ":["1","a","a*b*!c","4","d","d*e"]}},{"indecs":["1","a","a*b*!c","a*b*!c*d","!c","4","d","d*e"],"props":{"PROJ":["1","a*b*!c","a*b*!c*d","!c","d","d*e"],"INJ":["1","a","a*b*!c","4","d","d*e"]}},{"indecs":["1","a","a*b*!c","a*b*!c*d","2","4","d","d*e"],"props":{"PROJ":["a","a*b*!c","a*b*!c*d","2","d","d*e"],"INJ":["1","a","a*b*!c","4","d","d*e"]}},{"indecs":["1","a","a*b","a*b*!c","a*b*!c*d","4","d","5"],"props":{"PROJ":["1","a","a*b","a*b*!c*d","5"],"INJ":["1","a","a*b*!c","4","d"]}},{"indecs":["1","a","a*b","a*b*!c","a*b*!c*d","!c","4","d"],"props":{"PROJ":["1","a*b","a*b*!c","a*b*!c*d","!c"],"INJ":["1","a","a*b*!c","4","d"]}},{"indecs":["1","a","a*b","a*b*!c","3","!c","4","6"],"props":{"PROJ":["1","a*b","3","!c","6"],"INJ":["1","a","a*b*!c","4","6"]}},{"indecs":["1","a","a*b","a*b*!c","2","b*!c","4","6"],"props":{"PROJ":["a*b","a*b*!c","2","b*!c","6"],"INJ":["1","a","a*b*!c","4","6"]}},{"indecs":["1","a","a*b","a*b*!c","2","b*!c","!c","4"],"props":{"PROJ":["a*b","a*b*!c","b*!c","!c"],"INJ":["1","a","a*b*!c","4"]}},{"indecs":["1","a","a*b","a*b*!c","a*b*!c*d","2","4","d"],"props":{"PROJ":["a","a*b","a*b*!c","a*b*!c*d","2"],"INJ":["1","a","a*b*!c","4","d"]}},{"indecs":["1","a","a*b","2","b","5","e","6"],"props":{"PROJ":["a*b","2","b","e","6"],"INJ":["1","a","a*b","5","e"]}},{"indecs":["1","a","a*b","a*b*!c","2","b","b*!c","4"],"props":{"PROJ":["a*b","2","b","b*!c"],"INJ":["1","a","a*b*!c","4"]}},{"indecs":["1","a","a*b","2","b","3","5","e"],"props":{"PROJ":["a*b","b","3","5","e"],"INJ":["1","a","a*b","5","e"]}},{"indecs":["!c","!c*d","!c*d*e","4","d","d*e","5","e","6"],"props":{"PROJ":["!c*d*e","d*e","e","6"],"INJ":["!c","4","d","d*e"]}},{"indecs":["3","!c","!c*d","!c*d*e","4","d","d*e","5","e"],"props":{"PROJ":["3","!c*d*e","5","e"],"INJ":["!c","4","d","d*e"]}},{"indecs":["2","b*!c","b*!c*d","b*!c*d*e","4","d","d*e","5","e"],"props":{"PROJ":["2","b*!c*d*e","d*e","5","e"],"INJ":["2","b*!c","4","d","d*e"]}},{"indecs":["2","b*!c","b*!c*d","b*!c*d*e","!c","4","d","d*e","6"],"props":{"PROJ":["b*!c","b*!c*d*e","!c","d*e","6"],"INJ":["2","b*!c","4","d","d*e"]}},{"indecs":["2","b*!c","b*!c*d","b*!c*d*e","!c","!c*d","4","d","d*e"],"props":{"PROJ":["b*!c*d","b*!c*d*e","!c","!c*d","d*e"],"INJ":["2","b*!c","4","d","d*e"]}},{"indecs":["2","b*!c","b*!c*d","!c","!c*d","4","d","d*e","5"],"props":{"PROJ":["b*!c*d","!c*d","d","d*e","5"],"INJ":["2","b*!c","4","d","d*e"]}},{"indecs":["2","b","b*!c","b*!c*d","!c","!c*d","4","d","5"],"props":{"PROJ":["b","b*!c*d","!c*d","5"],"INJ":["2","b*!c","4","d"]}},{"indecs":["2","b","b*!c","b*!c*d","b*!c*d*e","4","d","d*e","6"],"props":{"PROJ":["2","b","b*!c","b*!c*d*e","6"],"INJ":["2","b*!c","4","d","d*e"]}},{"indecs":["2","b","b*!c","b*!c*d","b*!c*d*e","4","d","d*e","5"],"props":{"PROJ":["2","b","b*!c*d","b*!c*d*e","5"],"INJ":["2","b*!c","4","d","d*e"]}},{"indecs":["2","b","b*!c","b*!c*d","b*!c*d*e","!c","4","d","d*e"],"props":{"PROJ":["b","b*!c","b*!c*d","b*!c*d*e","!c"],"INJ":["2","b*!c","4","d","d*e"]}},{"indecs":["2","b","b*!c","b*!c*d","3","!c","!c*d","4","d"],"props":{"PROJ":["b","3","!c","!c*d"],"INJ":["2","b*!c","4","d"]}},{"indecs":["1","!c","!c*d","!c*d*e","4","d","d*e","5","e"],"props":{"PROJ":["1","!c*d*e","d*e","5","e"],"INJ":["1","!c","4","d","d*e"]}},{"indecs":["1","3","!c","!c*d","!c*d*e","4","d","d*e","6"],"props":{"PROJ":["1","3","!c","!c*d*e","6"],"INJ":["1","!c","4","d","d*e"]}},{"indecs":["1","3","!c","!c*d","!c*d*e","4","d","d*e","5"],"props":{"PROJ":["1","3","!c*d","!c*d*e","5"],"INJ":["1","!c","4","d","d*e"]}},{"indecs":["1","a","a*b*!c","a*b*!c*d","a*b*!c*d*e","4","d","d*e","6"],"props":{"PROJ":["1","a","a*b*!c","a*b*!c*d*e","d*e","6"],"INJ":["1","a","a*b*!c","4","d","d*e"]}},{"indecs":["1","a","a*b*!c","a*b*!c*d","a*b*!c*d*e","4","d","d*e","5"],"props":{"PROJ":["1","a","a*b*!c*d","a*b*!c*d*e","d*e","5"],"INJ":["1","a","a*b*!c","4","d","d*e"]}},{"indecs":["1","a","a*b*!c","a*b*!c*d","a*b*!c*d*e","!c","4","d","d*e"],"props":{"PROJ":["1","a*b*!c","a*b*!c*d","a*b*!c*d*e","!c","d*e"],"INJ":["1","a","a*b*!c","4","d","d*e"]}},{"indecs":["1","a","a*b*!c","a*b*!c*d","!c","!c*d","4","d","5"],"props":{"PROJ":["1","a*b*!c*d","!c*d","d","5"],"INJ":["1","a","a*b*!c","4","d"]}},{"indecs":["1","a","a*b*!c","a*b*!c*d","a*b*!c*d*e","2","4","d","d*e"],"props":{"PROJ":["a","a*b*!c","a*b*!c*d","a*b*!c*d*e","2","d*e"],"INJ":["1","a","a*b*!c","4","d","d*e"]}},{"indecs":["1","a","a*b*!c","a*b*!c*d","2","b*!c","!c","4","d"],"props":{"PROJ":["a*b*!c","a*b*!c*d","b*!c","!c","d"],"INJ":["1","a","a*b*!c","4","d"]}},{"indecs":["1","a","a*b*!c","a*b*!c*d","2","b*!c","b*!c*d","4","d"],"props":{"PROJ":["a*b*!c*d","2","b*!c","b*!c*d","d"],"INJ":["1","a","a*b*!c","4","d"]}},{"indecs":["1","a","2","4","d","d*e","5","e","6"],"props":{"PROJ":["a","2","d*e","e","6"],"INJ":["1","a","4","d","d*e"]}},{"indecs":["1","a","a*b*!c","2","b*!c","4","d","d*e","6"],"props":{"PROJ":["a*b*!c","2","b*!c","4","d*e","6"],"INJ":["1","a","a*b*!c","4","d","d*e"]}},{"indecs":["1","a","a*b*!c","2","b*!c","!c","4","d","d*e"],"props":{"PROJ":["a*b*!c","b*!c","!c","4","d","d*e"],"INJ":["1","a","a*b*!c","4","d","d*e"]}},{"indecs":["1","a","a*b*!c","a*b*!c*d","!c","!c*d","4","d","d*e"],"props":{"PROJ":["1","a*b*!c*d","!c","!c*d","d","d*e"],"INJ":["1","a","a*b*!c","4","d","d*e"]}},{"indecs":["1","a","a*b*!c","a*b*!c*d","2","4","d","d*e","5"],"props":{"PROJ":["a","a*b*!c*d","2","d","d*e","5"],"INJ":["1","a","a*b*!c","4","d","d*e"]}},{"indecs":["1","a","a*b*!c","a*b*!c*d","2","b*!c","4","d","d*e"],"props":{"PROJ":["a*b*!c","a*b*!c*d","2","b*!c","d","d*e"],"INJ":["1","a","a*b*!c","4","d","d*e"]}},{"indecs":["1","a","a*b","a*b*!c","a*b*!c*d","!c","!c*d","4","d"],"props":{"PROJ":["1","a*b","a*b*!c*d","!c","!c*d"],"INJ":["1","a","a*b*!c","4","d"]}},{"indecs":["1","a","a*b","a*b*!c","a*b*!c*d","a*b*!c*d*e","4","d","d*e"],"props":{"PROJ":["1","a","a*b","a*b*!c","a*b*!c*d","a*b*!c*d*e"],"INJ":["1","a","a*b*!c","4","d","d*e"]}},{"indecs":["1","a","a*b","a*b*!c","2","b*!c","!c","4","6"],"props":{"PROJ":["a*b","a*b*!c","b*!c","!c","6"],"INJ":["1","a","a*b*!c","4","6"]}},{"indecs":["1","a","a*b","a*b*!c","a*b*!c*d","2","4","d","5"],"props":{"PROJ":["a","a*b","a*b*!c*d","2","5"],"INJ":["1","a","a*b*!c","4","d"]}},{"indecs":["1","a","a*b","a*b*!c","a*b*!c*d","2","b*!c","4","d"],"props":{"PROJ":["a*b","a*b*!c","a*b*!c*d","2","b*!c"],"INJ":["1","a","a*b*!c","4","d"]}},{"indecs":["1","a","a*b","a*b*!c","2","b","b*!c","!c","4"],"props":{"PROJ":["a*b","b","b*!c","!c"],"INJ":["1","a","a*b*!c","4"]}},{"indecs":["1","a","a*b","a*b*!c","2","b","b*!c","4","6"],"props":{"PROJ":["a*b","2","b","b*!c","6"],"INJ":["1","a","a*b*!c","4","6"]}},{"indecs":["1","a","a*b","2","b","3","5","e","6"],"props":{"PROJ":["a*b","b","3","e","6"],"INJ":["1","a","a*b","5","e"]}},{"indecs":["3","!c","!c*d","!c*d*e","4","d","d*e","5","e","6"],"props":{"PROJ":["3","!c*d*e","e","6"],"INJ":["!c","4","d","d*e"]}},{"indecs":["2","b*!c","b*!c*d","b*!c*d*e","4","d","d*e","5","e","6"],"props":{"PROJ":["2","b*!c*d*e","d*e","e","6"],"INJ":["2","b*!c","4","d","d*e"]}},{"indecs":["2","b*!c","b*!c*d","b*!c*d*e","!c","!c*d","4","d","d*e","5"],"props":{"PROJ":["b*!c*d","b*!c*d*e","!c*d","d*e","5"],"INJ":["2","b*!c","4","d","d*e"]}},{"indecs":["2","b*!c","b*!c*d","b*!c*d*e","!c","!c*d","!c*d*e","4","d","d*e"],"props":{"PROJ":["b*!c*d*e","!c","!c*d","!c*d*e","d*e"],"INJ":["2","b*!c","4","d","d*e"]}},{"indecs":["2","b","b*!c","b*!c*d","b*!c*d*e","4","d","d*e","5","e"],"props":{"PROJ":["2","b","b*!c*d*e","5","e"],"INJ":["2","b*!c","4","d","d*e"]}},{"indecs":["2","b","b*!c","b*!c*d","b*!c*d*e","!c","4","d","d*e","6"],"props":{"PROJ":["b","b*!c","b*!c*d*e","!c","6"],"INJ":["2","b*!c","4","d","d*e"]}},{"indecs":["2","b","b*!c","b*!c*d","b*!c*d*e","!c","!c*d","4","d","d*e"],"props":{"PROJ":["b","b*!c*d","b*!c*d*e","!c","!c*d"],"INJ":["2","b*!c","4","d","d*e"]}},{"indecs":["2","b","b*!c","b*!c*d","3","!c","!c*d","4","d","5"],"props":{"PROJ":["b","3","!c*d","5"],"INJ":["2","b*!c","4","d"]}},{"indecs":["1","!c","!c*d","!c*d*e","4","d","d*e","5","e","6"],"props":{"PROJ":["1","!c*d*e","d*e","e","6"],"INJ":["1","!c","4","d","d*e"]}},{"indecs":["1","3","!c","!c*d","!c*d*e","4","d","d*e","5","e"],"props":{"PROJ":["1","3","!c*d*e","5","e"],"INJ":["1","!c","4","d","d*e"]}},{"indecs":["1","a","a*b*!c","a*b*!c*d","a*b*!c*d*e","4","d","d*e","5","e"],"props":{"PROJ":["1","a","a*b*!c*d*e","d*e","5","e"],"INJ":["1","a","a*b*!c","4","d","d*e"]}},{"indecs":["1","a","a*b*!c","a*b*!c*d","a*b*!c*d*e","!c","4","d","d*e","6"],"props":{"PROJ":["1","a*b*!c","a*b*!c*d*e","!c","d*e","6"],"INJ":["1","a","a*b*!c","4","d","d*e"]}},{"indecs":["1","a","a*b*!c","a*b*!c*d","a*b*!c*d*e","!c","!c*d","4","d","d*e"],"props":{"PROJ":["1","a*b*!c*d","a*b*!c*d*e","!c","!c*d","d*e"],"INJ":["1","a","a*b*!c","4","d","d*e"]}},{"indecs":["1","a","a*b*!c","a*b*!c*d","a*b*!c*d*e","2","4","d","d*e","6"],"props":{"PROJ":["a","a*b*!c","a*b*!c*d*e","2","d*e","6"],"INJ":["1","a","a*b*!c","4","d","d*e"]}},{"indecs":["1","a","a*b*!c","a*b*!c*d","a*b*!c*d*e","2","4","d","d*e","5"],"props":{"PROJ":["a","a*b*!c*d","a*b*!c*d*e","2","d*e","5"],"INJ":["1","a","a*b*!c","4","d","d*e"]}},{"indecs":["1","a","a*b*!c","a*b*!c*d","a*b*!c*d*e","2","b*!c","4","d","d*e"],"props":{"PROJ":["a*b*!c","a*b*!c*d","a*b*!c*d*e","2","b*!c","d*e"],"INJ":["1","a","a*b*!c","4","d","d*e"]}},{"indecs":["1","a","a*b*!c","a*b*!c*d","2","b*!c","b*!c*d","4","d","5"],"props":{"PROJ":["a*b*!c*d","2","b*!c*d","d","5"],"INJ":["1","a","a*b*!c","4","d"]}},{"indecs":["1","a","a*b*!c","a*b*!c*d","2","b*!c","b*!c*d","!c","4","d"],"props":{"PROJ":["a*b*!c*d","b*!c","b*!c*d","!c","d"],"INJ":["1","a","a*b*!c","4","d"]}},{"indecs":["1","a","a*b*!c","2","b*!c","!c","4","d","d*e","6"],"props":{"PROJ":["a*b*!c","b*!c","!c","4","d*e","6"],"INJ":["1","a","a*b*!c","4","d","d*e"]}},{"indecs":["1","a","a*b*!c","a*b*!c*d","!c","!c*d","4","d","d*e","5"],"props":{"PROJ":["1","a*b*!c*d","!c*d","d","d*e","5"],"INJ":["1","a","a*b*!c","4","d","d*e"]}},{"indecs":["1","a","a*b*!c","a*b*!c*d","2","b*!c","!c","4","d","d*e"],"props":{"PROJ":["a*b*!c","a*b*!c*d","b*!c","!c","d","d*e"],"INJ":["1","a","a*b*!c","4","d","d*e"]}},{"indecs":["1","a","a*b*!c","a*b*!c*d","2","b*!c","b*!c*d","4","d","d*e"],"props":{"PROJ":["a*b*!c*d","2","b*!c","b*!c*d","d","d*e"],"INJ":["1","a","a*b*!c","4","d","d*e"]}},{"indecs":["1","a","a*b","a*b*!c","a*b*!c*d","!c","!c*d","4","d","5"],"props":{"PROJ":["1","a*b","a*b*!c*d","!c*d","5"],"INJ":["1","a","a*b*!c","4","d"]}},{"indecs":["1","a","a*b","a*b*!c","a*b*!c*d","a*b*!c*d*e","4","d","d*e","6"],"props":{"PROJ":["1","a","a*b","a*b*!c","a*b*!c*d*e","6"],"INJ":["1","a","a*b*!c","4","d","d*e"]}},{"indecs":["1","a","a*b","a*b*!c","a*b*!c*d","a*b*!c*d*e","4","d","d*e","5"],"props":{"PROJ":["1","a","a*b","a*b*!c*d","a*b*!c*d*e","5"],"INJ":["1","a","a*b*!c","4","d","d*e"]}},{"indecs":["1","a","a*b","a*b*!c","a*b*!c*d","a*b*!c*d*e","!c","4","d","d*e"],"props":{"PROJ":["1","a*b","a*b*!c","a*b*!c*d","a*b*!c*d*e","!c"],"INJ":["1","a","a*b*!c","4","d","d*e"]}},{"indecs":["1","a","a*b","a*b*!c","a*b*!c*d","3","!c","!c*d","4","d"],"props":{"PROJ":["1","a*b","3","!c","!c*d"],"INJ":["1","a","a*b*!c","4","d"]}},{"indecs":["1","a","a*b","a*b*!c","a*b*!c*d","2","b*!c","b*!c*d","4","d"],"props":{"PROJ":["a*b","a*b*!c*d","2","b*!c","b*!c*d"],"INJ":["1","a","a*b*!c","4","d"]}},{"indecs":["1","a","a*b","a*b*!c","a*b*!c*d","a*b*!c*d*e","2","4","d","d*e"],"props":{"PROJ":["a","a*b","a*b*!c","a*b*!c*d","a*b*!c*d*e","2"],"INJ":["1","a","a*b*!c","4","d","d*e"]}},{"indecs":["1","a","a*b","a*b*!c","a*b*!c*d","2","b*!c","!c","4","d"],"props":{"PROJ":["a*b","a*b*!c","a*b*!c*d","b*!c","!c"],"INJ":["1","a","a*b*!c","4","d"]}},{"indecs":["1","a","a*b","a*b*!c","2","b","b*!c","!c","4","6"],"props":{"PROJ":["a*b","b","b*!c","!c","6"],"INJ":["1","a","a*b*!c","4","6"]}},{"indecs":["1","a","a*b","a*b*!c","2","b","b*!c","3","!c","4"],"props":{"PROJ":["a*b","b","3","!c"],"INJ":["1","a","a*b*!c","4"]}},{"indecs":["2","b*!c","b*!c*d","b*!c*d*e","!c","!c*d","!c*d*e","4","d","d*e","6"],"props":{"PROJ":["b*!c*d*e","!c","!c*d*e","d*e","6"],"INJ":["2","b*!c","4","d","d*e"]}},{"indecs":["2","b*!c","b*!c*d","b*!c*d*e","!c","!c*d","!c*d*e","4","d","d*e","5"],"props":{"PROJ":["b*!c*d*e","!c*d","!c*d*e","d*e","5"],"INJ":["2","b*!c","4","d","d*e"]}},{"indecs":["2","b","b*!c","b*!c*d","b*!c*d*e","!c","!c*d","!c*d*e","4","d","d*e"],"props":{"PROJ":["b","b*!c*d*e","!c","!c*d","!c*d*e"],"INJ":["2","b*!c","4","d","d*e"]}},{"indecs":["2","b","b*!c","b*!c*d","b*!c*d*e","4","d","d*e","5","e","6"],"props":{"PROJ":["2","b","b*!c*d*e","e","6"],"INJ":["2","b*!c","4","d","d*e"]}},{"indecs":["2","b","b*!c","b*!c*d","b*!c*d*e","!c","!c*d","4","d","d*e","5"],"props":{"PROJ":["b","b*!c*d","b*!c*d*e","!c*d","5"],"INJ":["2","b*!c","4","d","d*e"]}},{"indecs":["1","3","!c","!c*d","!c*d*e","4","d","d*e","5","e","6"],"props":{"PROJ":["1","3","!c*d*e","e","6"],"INJ":["1","!c","4","d","d*e"]}},{"indecs":["1","a","a*b*!c","a*b*!c*d","a*b*!c*d*e","4","d","d*e","5","e","6"],"props":{"PROJ":["1","a","a*b*!c*d*e","d*e","e","6"],"INJ":["1","a","a*b*!c","4","d","d*e"]}},{"indecs":["1","a","a*b*!c","a*b*!c*d","a*b*!c*d*e","!c","!c*d","4","d","d*e","5"],"props":{"PROJ":["1","a*b*!c*d","a*b*!c*d*e","!c*d","d*e","5"],"INJ":["1","a","a*b*!c","4","d","d*e"]}},{"indecs":["1","a","a*b*!c","a*b*!c*d","a*b*!c*d*e","!c","!c*d","!c*d*e","4","d","d*e"],"props":{"PROJ":["1","a*b*!c*d*e","!c","!c*d","!c*d*e","d*e"],"INJ":["1","a","a*b*!c","4","d","d*e"]}},{"indecs":["1","a","a*b*!c","a*b*!c*d","a*b*!c*d*e","2","4","d","d*e","5","e"],"props":{"PROJ":["a","a*b*!c*d*e","2","d*e","5","e"],"INJ":["1","a","a*b*!c","4","d","d*e"]}},{"indecs":["1","a","a*b*!c","a*b*!c*d","a*b*!c*d*e","2","b*!c","4","d","d*e","6"],"props":{"PROJ":["a*b*!c","a*b*!c*d*e","2","b*!c","d*e","6"],"INJ":["1","a","a*b*!c","4","d","d*e"]}},{"indecs":["1","a","a*b*!c","a*b*!c*d","a*b*!c*d*e","2","b*!c","!c","4","d","d*e"],"props":{"PROJ":["a*b*!c","a*b*!c*d","a*b*!c*d*e","b*!c","!c","d*e"],"INJ":["1","a","a*b*!c","4","d","d*e"]}},{"indecs":["1","a","a*b*!c","a*b*!c*d","a*b*!c*d*e","2","b*!c","b*!c*d","4","d","d*e"],"props":{"PROJ":["a*b*!c*d","a*b*!c*d*e","2","b*!c","b*!c*d","d*e"],"INJ":["1","a","a*b*!c","4","d","d*e"]}},{"indecs":["1","a","a*b*!c","a*b*!c*d","2","b*!c","b*!c*d","!c","!c*d","4","d"],"props":{"PROJ":["a*b*!c*d","b*!c*d","!c","!c*d","d"],"INJ":["1","a","a*b*!c","4","d"]}},{"indecs":["1","a","a*b*!c","a*b*!c*d","2","b*!c","b*!c*d","4","d","d*e","5"],"props":{"PROJ":["a*b*!c*d","2","b*!c*d","d","d*e","5"],"INJ":["1","a","a*b*!c","4","d","d*e"]}},{"indecs":["1","a","a*b*!c","a*b*!c*d","2","b*!c","b*!c*d","!c","4","d","d*e"],"props":{"PROJ":["a*b*!c*d","b*!c","b*!c*d","!c","d","d*e"],"INJ":["1","a","a*b*!c","4","d","d*e"]}},{"indecs":["1","a","a*b","a*b*!c","a*b*!c*d","a*b*!c*d*e","4","d","d*e","5","e"],"props":{"PROJ":["1","a","a*b","a*b*!c*d*e","5","e"],"INJ":["1","a","a*b*!c","4","d","d*e"]}},{"indecs":["1","a","a*b","a*b*!c","a*b*!c*d","a*b*!c*d*e","!c","4","d","d*e","6"],"props":{"PROJ":["1","a*b","a*b*!c","a*b*!c*d*e","!c","6"],"INJ":["1","a","a*b*!c","4","d","d*e"]}},{"indecs":["1","a","a*b","a*b*!c","a*b*!c*d","a*b*!c*d*e","!c","!c*d","4","d","d*e"],"props":{"PROJ":["1","a*b","a*b*!c*d","a*b*!c*d*e","!c","!c*d"],"INJ":["1","a","a*b*!c","4","d","d*e"]}},{"indecs":["1","a","a*b","a*b*!c","a*b*!c*d","3","!c","!c*d","4","d","5"],"props":{"PROJ":["1","a*b","3","!c*d","5"],"INJ":["1","a","a*b*!c","4","d"]}},{"indecs":["1","a","a*b","a*b*!c","a*b*!c*d","2","b*!c","b*!c*d","4","d","5"],"props":{"PROJ":["a*b","a*b*!c*d","2","b*!c*d","5"],"INJ":["1","a","a*b*!c","4","d"]}},{"indecs":["1","a","a*b","a*b*!c","a*b*!c*d","2","b*!c","b*!c*d","!c","4","d"],"props":{"PROJ":["a*b","a*b*!c*d","b*!c","b*!c*d","!c"],"INJ":["1","a","a*b*!c","4","d"]}},{"indecs":["1","a","a*b","a*b*!c","a*b*!c*d","a*b*!c*d*e","2","4","d","d*e","6"],"props":{"PROJ":["a","a*b","a*b*!c","a*b*!c*d*e","2","6"],"INJ":["1","a","a*b*!c","4","d","d*e"]}},{"indecs":["1","a","a*b","a*b*!c","a*b*!c*d","a*b*!c*d*e","2","4","d","d*e","5"],"props":{"PROJ":["a","a*b","a*b*!c*d","a*b*!c*d*e","2","5"],"INJ":["1","a","a*b*!c","4","d","d*e"]}},{"indecs":["1","a","a*b","a*b*!c","a*b*!c*d","a*b*!c*d*e","2","b*!c","4","d","d*e"],"props":{"PROJ":["a*b","a*b*!c","a*b*!c*d","a*b*!c*d*e","2","b*!c"],"INJ":["1","a","a*b*!c","4","d","d*e"]}},{"indecs":["1","a","a*b","a*b*!c","a*b*!c*d","2","b","b*!c","b*!c*d","4","d"],"props":{"PROJ":["a*b","2","b","b*!c","b*!c*d"],"INJ":["1","a","a*b*!c","4","d"]}},{"indecs":["1","a","a*b","a*b*!c","2","b","b*!c","3","!c","4","6"],"props":{"PROJ":["a*b","b","3","!c","6"],"INJ":["1","a","a*b*!c","4","6"]}},{"indecs":["2","b*!c","b*!c*d","b*!c*d*e","!c","!c*d","!c*d*e","4","d","d*e","5","e"],"props":{"PROJ":["b*!c*d*e","!c*d*e","d*e","5","e"],"INJ":["2","b*!c","4","d","d*e"]}},{"indecs":["2","b","b*!c","b*!c*d","b*!c*d*e","!c","!c*d","!c*d*e","4","d","d*e","6"],"props":{"PROJ":["b","b*!c*d*e","!c","!c*d*e","6"],"INJ":["2","b*!c","4","d","d*e"]}},{"indecs":["2","b","b*!c","b*!c*d","b*!c*d*e","!c","!c*d","!c*d*e","4","d","d*e","5"],"props":{"PROJ":["b","b*!c*d*e","!c*d","!c*d*e","5"],"INJ":["2","b*!c","4","d","d*e"]}},{"indecs":["2","b","b*!c","b*!c*d","b*!c*d*e","3","!c","!c*d","!c*d*e","4","d","d*e"],"props":{"PROJ":["b","3","!c","!c*d","!c*d*e"],"INJ":["2","b*!c","4","d","d*e"]}},{"indecs":["1","a","a*b*!c","a*b*!c*d","a*b*!c*d*e","!c","!c*d","!c*d*e","4","d","d*e","6"],"props":{"PROJ":["1","a*b*!c*d*e","!c","!c*d*e","d*e","6"],"INJ":["1","a","a*b*!c","4","d","d*e"]}},{"indecs":["1","a","a*b*!c","a*b*!c*d","a*b*!c*d*e","!c","!c*d","!c*d*e","4","d","d*e","5"],"props":{"PROJ":["1","a*b*!c*d*e","!c*d","!c*d*e","d*e","5"],"INJ":["1","a","a*b*!c","4","d","d*e"]}},{"indecs":["1","a","a*b*!c","a*b*!c*d","a*b*!c*d*e","2","4","d","d*e","5","e","6"],"props":{"PROJ":["a","a*b*!c*d*e","2","d*e","e","6"],"INJ":["1","a","a*b*!c","4","d","d*e"]}},{"indecs":["1","a","a*b*!c","a*b*!c*d","a*b*!c*d*e","2","b*!c","!c","4","d","d*e","6"],"props":{"PROJ":["a*b*!c","a*b*!c*d*e","b*!c","!c","d*e","6"],"INJ":["1","a","a*b*!c","4","d","d*e"]}},{"indecs":["1","a","a*b*!c","a*b*!c*d","a*b*!c*d*e","2","b*!c","b*!c*d","4","d","d*e","5"],"props":{"PROJ":["a*b*!c*d","a*b*!c*d*e","2","b*!c*d","d*e","5"],"INJ":["1","a","a*b*!c","4","d","d*e"]}},{"indecs":["1","a","a*b*!c","a*b*!c*d","a*b*!c*d*e","2","b*!c","b*!c*d","!c","4","d","d*e"],"props":{"PROJ":["a*b*!c*d","a*b*!c*d*e","b*!c","b*!c*d","!c","d*e"],"INJ":["1","a","a*b*!c","4","d","d*e"]}},{"indecs":["1","a","a*b*!c","a*b*!c*d","a*b*!c*d*e","2","b*!c","b*!c*d","b*!c*d*e","4","d","d*e"],"props":{"PROJ":["a*b*!c*d*e","2","b*!c","b*!c*d","b*!c*d*e","d*e"],"INJ":["1","a","a*b*!c","4","d","d*e"]}},{"indecs":["1","a","a*b*!c","a*b*!c*d","2","b*!c","b*!c*d","!c","!c*d","4","d","5"],"props":{"PROJ":["a*b*!c*d","b*!c*d","!c*d","d","5"],"INJ":["1","a","a*b*!c","4","d"]}},{"indecs":["1","a","a*b*!c","a*b*!c*d","2","b*!c","b*!c*d","!c","!c*d","4","d","d*e"],"props":{"PROJ":["a*b*!c*d","b*!c*d","!c","!c*d","d","d*e"],"INJ":["1","a","a*b*!c","4","d","d*e"]}},{"indecs":["1","a","a*b","a*b*!c","a*b*!c*d","a*b*!c*d*e","!c","!c*d","!c*d*e","4","d","d*e"],"props":{"PROJ":["1","a*b","a*b*!c*d*e","!c","!c*d","!c*d*e"],"INJ":["1","a","a*b*!c","4","d","d*e"]}},{"indecs":["1","a","a*b","a*b*!c","a*b*!c*d","a*b*!c*d*e","4","d","d*e","5","e","6"],"props":{"PROJ":["1","a","a*b","a*b*!c*d*e","e","6"],"INJ":["1","a","a*b*!c","4","d","d*e"]}},{"indecs":["1","a","a*b","a*b*!c","a*b*!c*d","a*b*!c*d*e","!c","!c*d","4","d","d*e","5"],"props":{"PROJ":["1","a*b","a*b*!c*d","a*b*!c*d*e","!c*d","5"],"INJ":["1","a","a*b*!c","4","d","d*e"]}},{"indecs":["1","a","a*b","a*b*!c","a*b*!c*d","2","b*!c","b*!c*d","!c","!c*d","4","d"],"props":{"PROJ":["a*b","a*b*!c*d","b*!c*d","!c","!c*d"],"INJ":["1","a","a*b*!c","4","d"]}},{"indecs":["1","a","a*b","a*b*!c","a*b*!c*d","a*b*!c*d*e","2","4","d","d*e","5","e"],"props":{"PROJ":["a","a*b","a*b*!c*d*e","2","5","e"],"INJ":["1","a","a*b*!c","4","d","d*e"]}},{"indecs":["1","a","a*b","a*b*!c","a*b*!c*d","a*b*!c*d*e","2","b*!c","4","d","d*e","6"],"props":{"PROJ":["a*b","a*b*!c","a*b*!c*d*e","2","b*!c","6"],"INJ":["1","a","a*b*!c","4","d","d*e"]}},{"indecs":["1","a","a*b","a*b*!c","a*b*!c*d","a*b*!c*d*e","2","b*!c","!c","4","d","d*e"],"props":{"PROJ":["a*b","a*b*!c","a*b*!c*d","a*b*!c*d*e","b*!c","!c"],"INJ":["1","a","a*b*!c","4","d","d*e"]}},{"indecs":["1","a","a*b","a*b*!c","a*b*!c*d","a*b*!c*d*e","2","b*!c","b*!c*d","4","d","d*e"],"props":{"PROJ":["a*b","a*b*!c*d","a*b*!c*d*e","2","b*!c","b*!c*d"],"INJ":["1","a","a*b*!c","4","d","d*e"]}},{"indecs":["1","a","a*b","a*b*!c","a*b*!c*d","2","b","b*!c","b*!c*d","4","d","5"],"props":{"PROJ":["a*b","2","b","b*!c*d","5"],"INJ":["1","a","a*b*!c","4","d"]}},{"indecs":["1","a","a*b","a*b*!c","a*b*!c*d","2","b","b*!c","b*!c*d","!c","4","d"],"props":{"PROJ":["a*b","b","b*!c","b*!c*d","!c"],"INJ":["1","a","a*b*!c","4","d"]}},{"indecs":["2","b*!c","b*!c*d","b*!c*d*e","!c","!c*d","!c*d*e","4","d","d*e","5","e","6"],"props":{"PROJ":["b*!c*d*e","!c*d*e","d*e","e","6"],"INJ":["2","b*!c","4","d","d*e"]}},{"indecs":["2","b","b*!c","b*!c*d","b*!c*d*e","!c","!c*d","!c*d*e","4","d","d*e","5","e"],"props":{"PROJ":["b","b*!c*d*e","!c*d*e","5","e"],"INJ":["2","b*!c","4","d","d*e"]}},{"indecs":["2","b","b*!c","b*!c*d","b*!c*d*e","3","!c","!c*d","!c*d*e","4","d","d*e","6"],"props":{"PROJ":["b","3","!c","!c*d*e","6"],"INJ":["2","b*!c","4","d","d*e"]}},{"indecs":["2","b","b*!c","b*!c*d","b*!c*d*e","3","!c","!c*d","!c*d*e","4","d","d*e","5"],"props":{"PROJ":["b","3","!c*d","!c*d*e","5"],"INJ":["2","b*!c","4","d","d*e"]}},{"indecs":["1","a","a*b*!c","a*b*!c*d","a*b*!c*d*e","!c","!c*d","!c*d*e","4","d","d*e","5","e"],"props":{"PROJ":["1","a*b*!c*d*e","!c*d*e","d*e","5","e"],"INJ":["1","a","a*b*!c","4","d","d*e"]}},{"indecs":["1","a","a*b*!c","a*b*!c*d","a*b*!c*d*e","2","b*!c","b*!c*d","!c","!c*d","4","d","d*e"],"props":{"PROJ":["a*b*!c*d","a*b*!c*d*e","b*!c*d","!c","!c*d","d*e"],"INJ":["1","a","a*b*!c","4","d","d*e"]}},{"indecs":["1","a","a*b*!c","a*b*!c*d","a*b*!c*d*e","2","b*!c","b*!c*d","b*!c*d*e","4","d","d*e","6"],"props":{"PROJ":["a*b*!c*d*e","2","b*!c","b*!c*d*e","d*e","6"],"INJ":["1","a","a*b*!c","4","d","d*e"]}},{"indecs":["1","a","a*b*!c","a*b*!c*d","a*b*!c*d*e","2","b*!c","b*!c*d","b*!c*d*e","4","d","d*e","5"],"props":{"PROJ":["a*b*!c*d*e","2","b*!c*d","b*!c*d*e","d*e","5"],"INJ":["1","a","a*b*!c","4","d","d*e"]}},{"indecs":["1","a","a*b*!c","a*b*!c*d","a*b*!c*d*e","2","b*!c","b*!c*d","b*!c*d*e","!c","4","d","d*e"],"props":{"PROJ":["a*b*!c*d*e","b*!c","b*!c*d","b*!c*d*e","!c","d*e"],"INJ":["1","a","a*b*!c","4","d","d*e"]}},{"indecs":["1","a","a*b*!c","a*b*!c*d","2","b*!c","b*!c*d","!c","!c*d","4","d","d*e","5"],"props":{"PROJ":["a*b*!c*d","b*!c*d","!c*d","d","d*e","5"],"INJ":["1","a","a*b*!c","4","d","d*e"]}},{"indecs":["1","a","a*b","a*b*!c","a*b*!c*d","a*b*!c*d*e","!c","!c*d","!c*d*e","4","d","d*e","6"],"props":{"PROJ":["1","a*b","a*b*!c*d*e","!c","!c*d*e","6"],"INJ":["1","a","a*b*!c","4","d","d*e"]}},{"indecs":["1","a","a*b","a*b*!c","a*b*!c*d","a*b*!c*d*e","!c","!c*d","!c*d*e","4","d","d*e","5"],"props":{"PROJ":["1","a*b","a*b*!c*d*e","!c*d","!c*d*e","5"],"INJ":["1","a","a*b*!c","4","d","d*e"]}},{"indecs":["1","a","a*b","a*b*!c","a*b*!c*d","a*b*!c*d*e","3","!c","!c*d","!c*d*e","4","d","d*e"],"props":{"PROJ":["1","a*b","3","!c","!c*d","!c*d*e"],"INJ":["1","a","a*b*!c","4","d","d*e"]}},{"indecs":["1","a","a*b","a*b*!c","a*b*!c*d","a*b*!c*d*e","2","b*!c","b*!c*d","b*!c*d*e","4","d","d*e"],"props":{"PROJ":["a*b","a*b*!c*d*e","2","b*!c","b*!c*d","b*!c*d*e"],"INJ":["1","a","a*b*!c","4","d","d*e"]}},{"indecs":["1","a","a*b","a*b*!c","a*b*!c*d","2","b*!c","b*!c*d","!c","!c*d","4","d","5"],"props":{"PROJ":["a*b","a*b*!c*d","b*!c*d","!c*d","5"],"INJ":["1","a","a*b*!c","4","d"]}},{"indecs":["1","a","a*b","a*b*!c","a*b*!c*d","a*b*!c*d*e","2","4","d","d*e","5","e","6"],"props":{"PROJ":["a","a*b","a*b*!c*d*e","2","e","6"],"INJ":["1","a","a*b*!c","4","d","d*e"]}},{"indecs":["1","a","a*b","a*b*!c","a*b*!c*d","a*b*!c*d*e","2","b*!c","!c","4","d","d*e","6"],"props":{"PROJ":["a*b","a*b*!c","a*b*!c*d*e","b*!c","!c","6"],"INJ":["1","a","a*b*!c","4","d","d*e"]}},{"indecs":["1","a","a*b","a*b*!c","a*b*!c*d","a*b*!c*d*e","2","b*!c","b*!c*d","4","d","d*e","5"],"props":{"PROJ":["a*b","a*b*!c*d","a*b*!c*d*e","2","b*!c*d","5"],"INJ":["1","a","a*b*!c","4","d","d*e"]}},{"indecs":["1","a","a*b","a*b*!c","a*b*!c*d","a*b*!c*d*e","2","b*!c","b*!c*d","!c","4","d","d*e"],"props":{"PROJ":["a*b","a*b*!c*d","a*b*!c*d*e","b*!c","b*!c*d","!c"],"INJ":["1","a","a*b*!c","4","d","d*e"]}},{"indecs":["1","a","a*b","a*b*!c","a*b*!c*d","2","b","b*!c","b*!c*d","!c","!c*d","4","d"],"props":{"PROJ":["a*b","b","b*!c*d","!c","!c*d"],"INJ":["1","a","a*b*!c","4","d"]}},{"indecs":["2","b","b*!c","b*!c*d","b*!c*d*e","!c","!c*d","!c*d*e","4","d","d*e","5","e","6"],"props":{"PROJ":["b","b*!c*d*e","!c*d*e","e","6"],"INJ":["2","b*!c","4","d","d*e"]}},{"indecs":["2","b","b*!c","b*!c*d","b*!c*d*e","3","!c","!c*d","!c*d*e","4","d","d*e","5","e"],"props":{"PROJ":["b","3","!c*d*e","5","e"],"INJ":["2","b*!c","4","d","d*e"]}},{"indecs":["1","a","a*b*!c","a*b*!c*d","a*b*!c*d*e","!c","!c*d","!c*d*e","4","d","d*e","5","e","6"],"props":{"PROJ":["1","a*b*!c*d*e","!c*d*e","d*e","e","6"],"INJ":["1","a","a*b*!c","4","d","d*e"]}},{"indecs":["1","a","a*b*!c","a*b*!c*d","a*b*!c*d*e","2","b*!c","b*!c*d","!c","!c*d","4","d","d*e","5"],"props":{"PROJ":["a*b*!c*d","a*b*!c*d*e","b*!c*d","!c*d","d*e","5"],"INJ":["1","a","a*b*!c","4","d","d*e"]}},{"indecs":["1","a","a*b*!c","a*b*!c*d","a*b*!c*d*e","2","b*!c","b*!c*d","b*!c*d*e","4","d","d*e","5","e"],"props":{"PROJ":["a*b*!c*d*e","2","b*!c*d*e","d*e","5","e"],"INJ":["1","a","a*b*!c","4","d","d*e"]}},{"indecs":["1","a","a*b*!c","a*b*!c*d","a*b*!c*d*e","2","b*!c","b*!c*d","b*!c*d*e","!c","4","d","d*e","6"],"props":{"PROJ":["a*b*!c*d*e","b*!c","b*!c*d*e","!c","d*e","6"],"INJ":["1","a","a*b*!c","4","d","d*e"]}},{"indecs":["1","a","a*b*!c","a*b*!c*d","a*b*!c*d*e","2","b*!c","b*!c*d","b*!c*d*e","!c","!c*d","4","d","d*e"],"props":{"PROJ":["a*b*!c*d*e","b*!c*d","b*!c*d*e","!c","!c*d","d*e"],"INJ":["1","a","a*b*!c","4","d","d*e"]}},{"indecs":["1","a","a*b","a*b*!c","a*b*!c*d","a*b*!c*d*e","!c","!c*d","!c*d*e","4","d","d*e","5","e"],"props":{"PROJ":["1","a*b","a*b*!c*d*e","!c*d*e","5","e"],"INJ":["1","a","a*b*!c","4","d","d*e"]}},{"indecs":["1","a","a*b","a*b*!c","a*b*!c*d","a*b*!c*d*e","3","!c","!c*d","!c*d*e","4","d","d*e","6"],"props":{"PROJ":["1","a*b","3","!c","!c*d*e","6"],"INJ":["1","a","a*b*!c","4","d","d*e"]}},{"indecs":["1","a","a*b","a*b*!c","a*b*!c*d","a*b*!c*d*e","3","!c","!c*d","!c*d*e","4","d","d*e","5"],"props":{"PROJ":["1","a*b","3","!c*d","!c*d*e","5"],"INJ":["1","a","a*b*!c","4","d","d*e"]}},{"indecs":["1","a","a*b","a*b*!c","a*b*!c*d","a*b*!c*d*e","2","b*!c","b*!c*d","b*!c*d*e","4","d","d*e","6"],"props":{"PROJ":["a*b","a*b*!c*d*e","2","b*!c","b*!c*d*e","6"],"INJ":["1","a","a*b*!c","4","d","d*e"]}},{"indecs":["1","a","a*b","a*b*!c","a*b*!c*d","a*b*!c*d*e","2","b*!c","b*!c*d","b*!c*d*e","4","d","d*e","5"],"props":{"PROJ":["a*b","a*b*!c*d*e","2","b*!c*d","b*!c*d*e","5"],"INJ":["1","a","a*b*!c","4","d","d*e"]}},{"indecs":["1","a","a*b","a*b*!c","a*b*!c*d","a*b*!c*d*e","2","b*!c","b*!c*d","b*!c*d*e","!c","4","d","d*e"],"props":{"PROJ":["a*b","a*b*!c*d*e","b*!c","b*!c*d","b*!c*d*e","!c"],"INJ":["1","a","a*b*!c","4","d","d*e"]}},{"indecs":["1","a","a*b","a*b*!c","a*b*!c*d","a*b*!c*d*e","2","b*!c","b*!c*d","!c","!c*d","4","d","d*e"],"props":{"PROJ":["a*b","a*b*!c*d","a*b*!c*d*e","b*!c*d","!c","!c*d"],"INJ":["1","a","a*b*!c","4","d","d*e"]}},{"indecs":["1","a","a*b","a*b*!c","a*b*!c*d","2","b","b*!c","b*!c*d","!c","!c*d","4","d","5"],"props":{"PROJ":["a*b","b","b*!c*d","!c*d","5"],"INJ":["1","a","a*b*!c","4","d"]}},{"indecs":["1","a","a*b","a*b*!c","a*b*!c*d","a*b*!c*d*e","2","b","b*!c","b*!c*d","b*!c*d*e","4","d","d*e"],"props":{"PROJ":["a*b","2","b","b*!c","b*!c*d","b*!c*d*e"],"INJ":["1","a","a*b*!c","4","d","d*e"]}},{"indecs":["1","a","a*b","a*b*!c","a*b*!c*d","2","b","b*!c","b*!c*d","3","!c","!c*d","4","d"],"props":{"PROJ":["a*b","b","3","!c","!c*d"],"INJ":["1","a","a*b*!c","4","d"]}},{"indecs":["2","b","b*!c","b*!c*d","b*!c*d*e","3","!c","!c*d","!c*d*e","4","d","d*e","5","e","6"],"props":{"PROJ":["b","3","!c*d*e","e","6"],"INJ":["2","b*!c","4","d","d*e"]}},{"indecs":["1","a","a*b*!c","a*b*!c*d","a*b*!c*d*e","2","b*!c","b*!c*d","b*!c*d*e","4","d","d*e","5","e","6"],"props":{"PROJ":["a*b*!c*d*e","2","b*!c*d*e","d*e","e","6"],"INJ":["1","a","a*b*!c","4","d","d*e"]}},{"indecs":["1","a","a*b*!c","a*b*!c*d","a*b*!c*d*e","2","b*!c","b*!c*d","b*!c*d*e","!c","!c*d","4","d","d*e","5"],"props":{"PROJ":["a*b*!c*d*e","b*!c*d","b*!c*d*e","!c*d","d*e","5"],"INJ":["1","a","a*b*!c","4","d","d*e"]}},{"indecs":["1","a","a*b*!c","a*b*!c*d","a*b*!c*d*e","2","b*!c","b*!c*d","b*!c*d*e","!c","!c*d","!c*d*e","4","d","d*e"],"props":{"PROJ":["a*b*!c*d*e","b*!c*d*e","!c","!c*d","!c*d*e","d*e"],"INJ":["1","a","a*b*!c","4","d","d*e"]}},{"indecs":["1","a","a*b","a*b*!c","a*b*!c*d","a*b*!c*d*e","!c","!c*d","!c*d*e","4","d","d*e","5","e","6"],"props":{"PROJ":["1","a*b","a*b*!c*d*e","!c*d*e","e","6"],"INJ":["1","a","a*b*!c","4","d","d*e"]}},{"indecs":["1","a","a*b","a*b*!c","a*b*!c*d","a*b*!c*d*e","3","!c","!c*d","!c*d*e","4","d","d*e","5","e"],"props":{"PROJ":["1","a*b","3","!c*d*e","5","e"],"INJ":["1","a","a*b*!c","4","d","d*e"]}},{"indecs":["1","a","a*b","a*b*!c","a*b*!c*d","a*b*!c*d*e","2","b*!c","b*!c*d","b*!c*d*e","4","d","d*e","5","e"],"props":{"PROJ":["a*b","a*b*!c*d*e","2","b*!c*d*e","5","e"],"INJ":["1","a","a*b*!c","4","d","d*e"]}},{"indecs":["1","a","a*b","a*b*!c","a*b*!c*d","a*b*!c*d*e","2","b*!c","b*!c*d","b*!c*d*e","!c","4","d","d*e","6"],"props":{"PROJ":["a*b","a*b*!c*d*e","b*!c","b*!c*d*e","!c","6"],"INJ":["1","a","a*b*!c","4","d","d*e"]}},{"indecs":["1","a","a*b","a*b*!c","a*b*!c*d","a*b*!c*d*e","2","b*!c","b*!c*d","b*!c*d*e","!c","!c*d","4","d","d*e"],"props":{"PROJ":["a*b","a*b*!c*d*e","b*!c*d","b*!c*d*e","!c","!c*d"],"INJ":["1","a","a*b*!c","4","d","d*e"]}},{"indecs":["1","a","a*b","a*b*!c","a*b*!c*d","a*b*!c*d*e","2","b*!c","b*!c*d","!c","!c*d","4","d","d*e","5"],"props":{"PROJ":["a*b","a*b*!c*d","a*b*!c*d*e","b*!c*d","!c*d","5"],"INJ":["1","a","a*b*!c","4","d","d*e"]}},{"indecs":["1","a","a*b","a*b*!c","a*b*!c*d","a*b*!c*d*e","2","b","b*!c","b*!c*d","b*!c*d*e","4","d","d*e","6"],"props":{"PROJ":["a*b","2","b","b*!c","b*!c*d*e","6"],"INJ":["1","a","a*b*!c","4","d","d*e"]}},{"indecs":["1","a","a*b","a*b*!c","a*b*!c*d","a*b*!c*d*e","2","b","b*!c","b*!c*d","b*!c*d*e","4","d","d*e","5"],"props":{"PROJ":["a*b","2","b","b*!c*d","b*!c*d*e","5"],"INJ":["1","a","a*b*!c","4","d","d*e"]}},{"indecs":["1","a","a*b","a*b*!c","a*b*!c*d","a*b*!c*d*e","2","b","b*!c","b*!c*d","b*!c*d*e","!c","4","d","d*e"],"props":{"PROJ":["a*b","b","b*!c","b*!c*d","b*!c*d*e","!c"],"INJ":["1","a","a*b*!c","4","d","d*e"]}},{"indecs":["1","a","a*b","a*b*!c","a*b*!c*d","2","b","b*!c","b*!c*d","3","!c","!c*d","4","d","5"],"props":{"PROJ":["a*b","b","3","!c*d","5"],"INJ":["1","a","a*b*!c","4","d"]}},{"indecs":["1","a","a*b*!c","a*b*!c*d","a*b*!c*d*e","2","b*!c","b*!c*d","b*!c*d*e","!c","!c*d","!c*d*e","4","d","d*e","6"],"props":{"PROJ":["a*b*!c*d*e","b*!c*d*e","!c","!c*d*e","d*e","6"],"INJ":["1","a","a*b*!c","4","d","d*e"]}},{"indecs":["1","a","a*b*!c","a*b*!c*d","a*b*!c*d*e","2","b*!c","b*!c*d","b*!c*d*e","!c","!c*d","!c*d*e","4","d","d*e","5"],"props":{"PROJ":["a*b*!c*d*e","b*!c*d*e","!c*d","!c*d*e","d*e","5"],"INJ":["1","a","a*b*!c","4","d","d*e"]}},{"indecs":["1","a","a*b","a*b*!c","a*b*!c*d","a*b*!c*d*e","3","!c","!c*d","!c*d*e","4","d","d*e","5","e","6"],"props":{"PROJ":["1","a*b","3","!c*d*e","e","6"],"INJ":["1","a","a*b*!c","4","d","d*e"]}},{"indecs":["1","a","a*b","a*b*!c","a*b*!c*d","a*b*!c*d*e","2","b*!c","b*!c*d","b*!c*d*e","4","d","d*e","5","e","6"],"props":{"PROJ":["a*b","a*b*!c*d*e","2","b*!c*d*e","e","6"],"INJ":["1","a","a*b*!c","4","d","d*e"]}},{"indecs":["1","a","a*b","a*b*!c","a*b*!c*d","a*b*!c*d*e","2","b*!c","b*!c*d","b*!c*d*e","!c","!c*d","4","d","d*e","5"],"props":{"PROJ":["a*b","a*b*!c*d*e","b*!c*d","b*!c*d*e","!c*d","5"],"INJ":["1","a","a*b*!c","4","d","d*e"]}},{"indecs":["1","a","a*b","a*b*!c","a*b*!c*d","a*b*!c*d*e","2","b*!c","b*!c*d","b*!c*d*e","!c","!c*d","!c*d*e","4","d","d*e"],"props":{"PROJ":["a*b","a*b*!c*d*e","b*!c*d*e","!c","!c*d","!c*d*e"],"INJ":["1","a","a*b*!c","4","d","d*e"]}},{"indecs":["1","a","a*b","a*b*!c","a*b*!c*d","a*b*!c*d*e","2","b","b*!c","b*!c*d","b*!c*d*e","4","d","d*e","5","e"],"props":{"PROJ":["a*b","2","b","b*!c*d*e","5","e"],"INJ":["1","a","a*b*!c","4","d","d*e"]}},{"indecs":["1","a","a*b","a*b*!c","a*b*!c*d","a*b*!c*d*e","2","b","b*!c","b*!c*d","b*!c*d*e","!c","4","d","d*e","6"],"props":{"PROJ":["a*b","b","b*!c","b*!c*d*e","!c","6"],"INJ":["1","a","a*b*!c","4","d","d*e"]}},{"indecs":["1","a","a*b","a*b*!c","a*b*!c*d","a*b*!c*d*e","2","b","b*!c","b*!c*d","b*!c*d*e","!c","!c*d","4","d","d*e"],"props":{"PROJ":["a*b","b","b*!c*d","b*!c*d*e","!c","!c*d"],"INJ":["1","a","a*b*!c","4","d","d*e"]}},{"indecs":["1","a","a*b*!c","a*b*!c*d","a*b*!c*d*e","2","b*!c","b*!c*d","b*!c*d*e","!c","!c*d","!c*d*e","4","d","d*e","5","e"],"props":{"PROJ":["a*b*!c*d*e","b*!c*d*e","!c*d*e","d*e","5","e"],"INJ":["1","a","a*b*!c","4","d","d*e"]}},{"indecs":["1","a","a*b","a*b*!c","a*b*!c*d","a*b*!c*d*e","2","b*!c","b*!c*d","b*!c*d*e","!c","!c*d","!c*d*e","4","d","d*e","6"],"props":{"PROJ":["a*b","a*b*!c*d*e","b*!c*d*e","!c","!c*d*e","6"],"INJ":["1","a","a*b*!c","4","d","d*e"]}},{"indecs":["1","a","a*b","a*b*!c","a*b*!c*d","a*b*!c*d*e","2","b*!c","b*!c*d","b*!c*d*e","!c","!c*d","!c*d*e","4","d","d*e","5"],"props":{"PROJ":["a*b","a*b*!c*d*e","b*!c*d*e","!c*d","!c*d*e","5"],"INJ":["1","a","a*b*!c","4","d","d*e"]}},{"indecs":["1","a","a*b","a*b*!c","a*b*!c*d","a*b*!c*d*e","2","b","b*!c","b*!c*d","b*!c*d*e","!c","!c*d","!c*d*e","4","d","d*e"],"props":{"PROJ":["a*b","b","b*!c*d*e","!c","!c*d","!c*d*e"],"INJ":["1","a","a*b*!c","4","d","d*e"]}},{"indecs":["1","a","a*b","a*b*!c","a*b*!c*d","a*b*!c*d*e","2","b","b*!c","b*!c*d","b*!c*d*e","4","d","d*e","5","e","6"],"props":{"PROJ":["a*b","2","b","b*!c*d*e","e","6"],"INJ":["1","a","a*b*!c","4","d","d*e"]}},{"indecs":["1","a","a*b","a*b*!c","a*b*!c*d","a*b*!c*d*e","2","b","b*!c","b*!c*d","b*!c*d*e","!c","!c*d","4","d","d*e","5"],"props":{"PROJ":["a*b","b","b*!c*d","b*!c*d*e","!c*d","5"],"INJ":["1","a","a*b*!c","4","d","d*e"]}},{"indecs":["1","a","a*b*!c","a*b*!c*d","a*b*!c*d*e","2","b*!c","b*!c*d","b*!c*d*e","!c","!c*d","!c*d*e","4","d","d*e","5","e","6"],"props":{"PROJ":["a*b*!c*d*e","b*!c*d*e","!c*d*e","d*e","e","6"],"INJ":["1","a","a*b*!c","4","d","d*e"]}},{"indecs":["1","a","a*b","a*b*!c","a*b*!c*d","a*b*!c*d*e","2","b*!c","b*!c*d","b*!c*d*e","!c","!c*d","!c*d*e","4","d","d*e","5","e"],"props":{"PROJ":["a*b","a*b*!c*d*e","b*!c*d*e","!c*d*e","5","e"],"INJ":["1","a","a*b*!c","4","d","d*e"]}},{"indecs":["1","a","a*b","a*b*!c","a*b*!c*d","a*b*!c*d*e","2","b","b*!c","b*!c*d","b*!c*d*e","!c","!c*d","!c*d*e","4","d","d*e","6"],"props":{"PROJ":["a*b","b","b*!c*d*e","!c","!c*d*e","6"],"INJ":["1","a","a*b*!c","4","d","d*e"]}},{"indecs":["1","a","a*b","a*b*!c","a*b*!c*d","a*b*!c*d*e","2","b","b*!c","b*!c*d","b*!c*d*e","!c","!c*d","!c*d*e","4","d","d*e","5"],"props":{"PROJ":["a*b","b","b*!c*d*e","!c*d","!c*d*e","5"],"INJ":["1","a","a*b*!c","4","d","d*e"]}},{"indecs":["1","a","a*b","a*b*!c","a*b*!c*d","a*b*!c*d*e","2","b","b*!c","b*!c*d","b*!c*d*e","3","!c","!c*d","!c*d*e","4","d","d*e"],"props":{"PROJ":["a*b","b","3","!c","!c*d","!c*d*e"],"INJ":["1","a","a*b*!c","4","d","d*e"]}},{"indecs":["1","a","a*b","a*b*!c","a*b*!c*d","a*b*!c*d*e","2","b*!c","b*!c*d","b*!c*d*e","!c","!c*d","!c*d*e","4","d","d*e","5","e","6"],"props":{"PROJ":["a*b","a*b*!c*d*e","b*!c*d*e","!c*d*e","e","6"],"INJ":["1","a","a*b*!c","4","d","d*e"]}},{"indecs":["1","a","a*b","a*b*!c","a*b*!c*d","a*b*!c*d*e","2","b","b*!c","b*!c*d","b*!c*d*e","!c","!c*d","!c*d*e","4","d","d*e","5","e"],"props":{"PROJ":["a*b","b","b*!c*d*e","!c*d*e","5","e"],"INJ":["1","a","a*b*!c","4","d","d*e"]}},{"indecs":["1","a","a*b","a*b*!c","a*b*!c*d","a*b*!c*d*e","2","b","b*!c","b*!c*d","b*!c*d*e","3","!c","!c*d","!c*d*e","4","d","d*e","6"],"props":{"PROJ":["a*b","b","3","!c","!c*d*e","6"],"INJ":["1","a","a*b*!c","4","d","d*e"]}},{"indecs":["1","a","a*b","a*b*!c","a*b*!c*d","a*b*!c*d*e","2","b","b*!c","b*!c*d","b*!c*d*e","3","!c","!c*d","!c*d*e","4","d","d*e","5"],"props":{"PROJ":["a*b","b","3","!c*d","!c*d*e","5"],"INJ":["1","a","a*b*!c","4","d","d*e"]}},{"indecs":["1","a","a*b","a*b*!c","a*b*!c*d","a*b*!c*d*e","2","b","b*!c","b*!c*d","b*!c*d*e","!c","!c*d","!c*d*e","4","d","d*e","5","e","6"],"props":{"PROJ":["a*b","b","b*!c*d*e","!c*d*e","e","6"],"INJ":["1","a","a*b*!c","4","d","d*e"]}},{"indecs":["1","a","a*b","a*b*!c","a*b*!c*d","a*b*!c*d*e","2","b","b*!c","b*!c*d","b*!c*d*e","3","!c","!c*d","!c*d*e","4","d","d*e","5","e"],"props":{"PROJ":["a*b","b","3","!c*d*e","5","e"],"INJ":["1","a","a*b*!c","4","d","d*e"]}},{"indecs":["1","a","a*b","a*b*!c","a*b*!c*d","a*b*!c*d*e","2","b","b*!c","b*!c*d","b*!c*d*e","3","!c","!c*d","!c*d*e","4","d","d*e","5","e","6"],"props":{"PROJ":["a*b","b","3","!c*d*e","e","6"],"INJ":["1","a","a*b*!c","4","d","d*e"]}}]