[{"indecs":[],"props":{"PROJ":[],"INJ":[]}},{"indecs":["4"],"props":{"PROJ":["4"],"INJ":["4"]}},{"indecs":["3"],"props":{"PROJ":["3"],"INJ":["3"]}},{"indecs":["1"],"props":{"PROJ":["1"],"INJ":["1"]}},{"indecs":["2"],"props":{"PROJ":["2"],"INJ":["2"]}},{"indecs":["!a","2"],"props":{"PROJ":["!a","2"],"INJ":["!a","2"]}},{"indecs":["!c","4"],"props":{"PROJ":["!c","4"],"INJ":["!c","4"]}},{"indecs":["1","3"],"props":{"PROJ":["1","3"],"INJ":["1","3"]}},{"indecs":["2","4"],"props":{"PROJ":["2","4"],"INJ":["2","4"]}},{"indecs":["1","d"],"props":{"PROJ":["1","d"],"INJ":["1","d"]}},{"indecs":["!b","3"],"props":{"PROJ":["!b","3"],"INJ":["!b","3"]}},{"indecs":["!a*!b","!b","3"],"props":{"PROJ":["!a*!b","!b","3"],"INJ":["!a*!b","!b","3"]}},{"indecs":["3","!c","4"],"props":{"PROJ":["3","!c"],"INJ":["!c","4"]}},{"indecs":["!a","2","a*d"],"props":{"PROJ":["!a","2","a*d"],"INJ":["!a","2","a*d"]}},{"indecs":["1","d","4"],"props":{"PROJ":["d","4"],"INJ":["1","d"]}},{"indecs":["2","!b","3"],"props":{"PROJ":["2","!b"],"INJ":["!b","3"]}},{"indecs":["1","d","d*c"],"props":{"PROJ":["1","d","d*c"],"INJ":["1","d","d*c"]}},{"indecs":["!b*!c","!c","4"],"props":{"PROJ":["!b*!c","!c","4"],"INJ":["!b*!c","!c","4"]}},{"indecs":["1","!a","2"],"props":{"PROJ":["1","!a"],"INJ":["!a","2"]}},{"indecs":["!a*!b","!b","3","b*a*d"],"props":{"PROJ":["!a*!b","!b","3","b*a*d"],"INJ":["!a*!b","!b","3","b*a*d"]}},{"indecs":["!a","2","a*d","4"],"props":{"PROJ":["2","a*d","4"],"INJ":["!a","2","a*d"]}},{"indecs":["1","!a","2","a*d"],"props":{"PROJ":["1","!a","a*d"],"INJ":["!a","2","a*d"]}},{"indecs":["!a*!b","2","!b","3"],"props":{"PROJ":["!a*!b","2","!b"],"INJ":["!a*!b","!b","3"]}},{"indecs":["1","d","d*c","4"],"props":{"PROJ":["d","d*c","4"],"INJ":["1","d","d*c"]}},{"indecs":["1","d","d*c","3"],"props":{"PROJ":["1","d*c","3"],"INJ":["1","d","d*c"]}},{"indecs":["!b*!c","3","!c","4"],"props":{"PROJ":["!b*!c","3","!c"],"INJ":["!b*!c","!c","4"]}},{"indecs":["2","!b*!c","!c","4"],"props":{"PROJ":["2","!b*!c","4"],"INJ":["!b*!c","!c","4"]}},{"indecs":["1","!a*!b","!b","3"],"props":{"PROJ":["1","!a*!b","3"],"INJ":["!a*!b","!b","3"]}},{"indecs":["!a*!b*!c","!b*!c","!c","4","c*b*a*d"],"props":{"PROJ":["!b*!c","!c","4","c*b*a*d"],"INJ":["!a*!b*!c","!b*!c","!c","c*b*a*d"]}},{"indecs":["!a","!a*!b","2","!b","3"],"props":{"PROJ":["!a","!a*!b","2"],"INJ":["!a*!b","!b","3"]}},{"indecs":["1","!a*!b","!b","3","b*a*d"],"props":{"PROJ":["1","!a*!b","3","b*a*d"],"INJ":["!a*!b","!b","3","b*a*d"]}},{"indecs":["!a*!b","2","!b","3","b*a*d"],"props":{"PROJ":["!a*!b","2","!b","b*a*d"],"INJ":["!a*!b","!b","3","b*a*d"]}},{"indecs":["1","d","!a","2","a*d"],"props":{"PROJ":["1","d","a*d"],"INJ":["!a","2","a*d"]}},{"indecs":["1","d","d*c","!c","4"],"props":{"PROJ":["d*c","!c","4"],"INJ":["1","d","d*c"]}},{"indecs":["!b","!b*!c","3","!c","4"],"props":{"PROJ":["!b","!b*!c","3"],"INJ":["!b*!c","!c","4"]}},{"indecs":["!a*!b*!c","!b*!c","3","!c","4","c*b*a*d"],"props":{"PROJ":["!b*!c","3","!c","c*b*a*d"],"INJ":["!a*!b*!c","!b*!c","!c","c*b*a*d"]}},{"indecs":["!a","!a*!b","2","!b","3","b*a*d"],"props":{"PROJ":["!a","!a*!b","2","b*a*d"],"INJ":["!a*!b","!b","3","b*a*d"]}},{"indecs":["!a*!b*!c","2","!b*!c","!c","4","c*b*a*d"],"props":{"PROJ":["2","!b*!c","4","c*b*a*d"],"INJ":["!a*!b*!c","!b*!c","!c","c*b*a*d"]}},{"indecs":["1","d","!a","2","a*d","4"],"props":{"PROJ":["d","a*d","4"],"INJ":["!a","2","a*d"]}},{"indecs":["1","d","d*c","3","!c","4"],"props":{"PROJ":["d*c","3","!c"],"INJ":["1","d","d*c"]}},{"indecs":["2","!b","!b*!c","3","!c","4"],"props":{"PROJ":["2","!b","!b*!c"],"INJ":["!b*!c","!c","4"]}},{"indecs":["1","d","d*c","d*c*b","d*c*b*a","d*c*b*a*d"],"props":{"PROJ":["1","d","d*c","d*c*b*a*d"],"INJ":["d*c","d*c*b","d*c*b*a","d*c*b*a*d"]}},{"indecs":["1","!a","!a*!b","2","!b","3"],"props":{"PROJ":["1","!a","!a*!b"],"INJ":["!a*!b","!b","3"]}},{"indecs":["!a","!a*!b","2","!b","a*d","3","b*a*d"],"props":{"PROJ":["!a","2","a*d","b*a*d"],"INJ":["!a*!b","!b","3","b*a*d"]}},{"indecs":["!a*!b*!c","!b","!b*!c","3","!c","4","c*b*a*d"],"props":{"PROJ":["!b","!b*!c","3","c*b*a*d"],"INJ":["!a*!b*!c","!b*!c","!c","c*b*a*d"]}},{"indecs":["1","d","d*c","d*c*b","d*c*b*a","d*c*b*a*d","4"],"props":{"PROJ":["d","d*c","d*c*b*a*d","4"],"INJ":["d*c","d*c*b","d*c*b*a","d*c*b*a*d"]}},{"indecs":["1","d","d*c","d*c*b","d*c*b*a","d*c*b*a*d","3"],"props":{"PROJ":["1","d*c","d*c*b*a*d","3"],"INJ":["d*c","d*c*b","d*c*b*a","d*c*b*a*d"]}},{"indecs":["1","!a","!a*!b","2","!b","3","b*a*d"],"props":{"PROJ":["1","!a","!a*!b","b*a*d"],"INJ":["!a*!b","!b","3","b*a*d"]}},{"indecs":["!a","!a*!b*!c","2","a*d","!b*!c","!c","4","c*b*a*d"],"props":{"PROJ":["2","a*d","4","c*b*a*d"],"INJ":["!a*!b*!c","!b*!c","!c","c*b*a*d"]}},{"indecs":["1","!a","!a*!b","2","!b","a*d","3","b*a*d"],"props":{"PROJ":["1","!a","a*d","b*a*d"],"INJ":["!a*!b","!b","3","b*a*d"]}},{"indecs":["!a*!b*!c","2","!b","!b*!c","3","!c","4","c*b*a*d"],"props":{"PROJ":["2","!b","!b*!c","c*b*a*d"],"INJ":["!a*!b*!c","!b*!c","!c","c*b*a*d"]}},{"indecs":["1","d","d*c","d*c*b","d*c*b*a","d*c*b*a*d","!c","4"],"props":{"PROJ":["d*c","d*c*b*a*d","!c","4"],"INJ":["d*c","d*c*b","d*c*b*a","d*c*b*a*d"]}},{"indecs":["!a*!b","!a*!b*!c","!b","!b*!c","3","!c","b*a*d","4","c*b*a*d"],"props":{"PROJ":["!b","3","b*a*d","c*b*a*d"],"INJ":["!a*!b*!c","!b*!c","!c","c*b*a*d"]}},{"indecs":["1","d","d*c","d*c*b","d*c*b*a","d*c*b*a*d","3","!c","4"],"props":{"PROJ":["d*c","d*c*b*a*d","3","!c"],"INJ":["d*c","d*c*b","d*c*b*a","d*c*b*a*d"]}},{"indecs":["1","d","!a","d*c","d*c*b","d*c*b*a","d*c*b*a*d","2","a*d"],"props":{"PROJ":["1","d","d*c*b*a*d","a*d"],"INJ":["d*c","d*c*b","d*c*b*a","d*c*b*a*d"]}},{"indecs":["!a*!b","!a*!b*!c","2","!b","!b*!c","3","!c","b*a*d","4","c*b*a*d"],"props":{"PROJ":["2","!b","b*a*d","c*b*a*d"],"INJ":["!a*!b*!c","!b*!c","!c","c*b*a*d"]}},{"indecs":["1","d","d*c","!a*!b","d*c*b","d*c*b*a","d*c*b*a*d","!b","3","b*a*d"],"props":{"PROJ":["1","d*c*b*a*d","3","b*a*d"],"INJ":["d*c","d*c*b","d*c*b*a","d*c*b*a*d"]}},{"indecs":["1","d","!a","d*c","d*c*b","d*c*b*a","d*c*b*a*d","2","a*d","4"],"props":{"PROJ":["d","d*c*b*a*d","a*d","4"],"INJ":["d*c","d*c*b","d*c*b*a","d*c*b*a*d"]}},{"indecs":["1","d","d*c","d*c*b","!a*!b*!c","d*c*b*a","d*c*b*a*d","!b*!c","!c","4","c*b*a*d"],"props":{"PROJ":["d*c*b*a*d","!c","4","c*b*a*d"],"INJ":["d*c","d*c*b","d*c*b*a","d*c*b*a*d"]}},{"indecs":["!a","!a*!b","!a*!b*!c","2","!b","a*d","!b*!c","3","!c","b*a*d","4","c*b*a*d"],"props":{"PROJ":["2","a*d","b*a*d","c*b*a*d"],"INJ":["!a*!b*!c","!b*!c","!c","c*b*a*d"]}},{"indecs":["1","d","d*c","d*c*b","!a*!b*!c","d*c*b*a","d*c*b*a*d","!b*!c","3","!c","4","c*b*a*d"],"props":{"PROJ":["d*c*b*a*d","3","!c","c*b*a*d"],"INJ":["d*c","d*c*b","d*c*b*a","d*c*b*a*d"]}},{"indecs":["1","d","!a","d*c","!a*!b","d*c*b","d*c*b*a","d*c*b*a*d","2","!b","a*d","3","b*a*d"],"props":{"PROJ":["1","d*c*b*a*d","a*d","b*a*d"],"INJ":["d*c","d*c*b","d*c*b*a","d*c*b*a*d"]}},{"indecs":["1","d","!a","d*c","d*c*b","!a*!b*!c","d*c*b*a","d*c*b*a*d","2","a*d","!b*!c","!c","4","c*b*a*d"],"props":{"PROJ":["d*c*b*a*d","a*d","4","c*b*a*d"],"INJ":["d*c","d*c*b","d*c*b*a","d*c*b*a*d"]}},{"indecs":["1","d","d*c","!a*!b","d*c*b","!a*!b*!c","d*c*b*a","d*c*b*a*d","!b","!b*!c","3","!c","b*a*d","4","c*b*a*d"],"props":{"PROJ":["d*c*b*a*d","3","b*a*d","c*b*a*d"],"INJ":["d*c","d*c*b","d*c*b*a","d*c*b*a*d"]}},{"indecs":["1","d","!a","d*c","!a*!b","d*c*b","!a*!b*!c","d*c*b*a","d*c*b*a*d","2","!b","a*d","!b*!c","3","!c","b*a*d","4","c*b*a*d"],"props":{"PROJ":["d*c*b*a*d","a*d","b*a*d","c*b*a*d"],"INJ":["d*c","d*c*b","d*c*b*a","d*c*b*a*d"]}}]