{"vertices":["1","d","!a","d*c","!a*!b","d*c*b","!a*!b*!c","d*c*b*a","d*c*b*a*d","2","!b","a*d","!b*!c","3","!c","b*a*d","4","c*b*a*d"],"arrows":[{"from":"d","to":"1"},{"from":"d*c","to":"d"},{"from":"4","to":"d"},{"from":"a*d","to":"!a"},{"from":"1","to":"!a"},{"from":"d*c*b","to":"d*c"},{"from":"!c","to":"d*c"},{"from":"b*a*d","to":"!a*!b"},{"from":"!a","to":"!a*!b"},{"from":"d*c*b*a","to":"d*c*b"},{"from":"!b*!c","to":"d*c*b"},{"from":"c*b*a*d","to":"!a*!b*!c"},{"from":"!a*!b","to":"!a*!b*!c"},{"from":"d*c*b*a*d","to":"d*c*b*a"},{"from":"!a*!b*!c","to":"d*c*b*a"},{"from":"c*b*a*d","to":"d*c*b*a*d"},{"from":"!a","to":"2"},{"from":"!a*!b","to":"!b"},{"from":"2","to":"!b"},{"from":"d","to":"a*d"},{"from":"!a*!b*!c","to":"!b*!c"},{"from":"!b","to":"!b*!c"},{"from":"!b","to":"3"},{"from":"!b*!c","to":"!c"},{"from":"3","to":"!c"},{"from":"a*d","to":"b*a*d"},{"from":"!c","to":"4"},{"from":"b*a*d","to":"c*b*a*d"},{"from":"1","to":"4","isTau":true},{"from":"d","to":"!c","isTau":true},{"from":"!a","to":"d","isTau":true},{"from":"d*c","to":"!b*!c","isTau":true},{"from":"!a*!b","to":"a*d","isTau":true},{"from":"d*c*b","to":"!a*!b*!c","isTau":true},{"from":"!a*!b*!c","to":"b*a*d","isTau":true},{"from":"d*c*b*a","to":"c*b*a*d","isTau":true},{"from":"2","to":"1","isTau":true},{"from":"!b","to":"!a","isTau":true},{"from":"!b*!c","to":"!a*!b","isTau":true},{"from":"3","to":"2","isTau":true},{"from":"!c","to":"!b","isTau":true},{"from":"4","to":"3","isTau":true}]}